"s","t","y","muhat","sigmahat","risk_c_95p06391","event_c_95p06391","risk_c_110p74993","event_c_110p74993"
2,2,75.9067634286158,71.6139890241141,10.8304340710717,0.0151866644815312,0,0.000151036847724995,0
2,3,74.4480171089284,70.9954820760458,4.36156061871783,1.71141230076444e-08,0,0,0
2,4,75.2187777261971,72.368028383852,4.02386444379201,8.48674508446834e-09,0,0,0
2,5,72.2130134354781,65.9295177429173,3.88869697361575,3.38618022510673e-14,0,0,0
2,6,80.5733713857258,74.6956548804427,5.38836515488046,7.84004825068463e-05,0,1.10723652468891e-11,0
2,7,70.9952244205813,71.1053136419288,4.83668882392767,3.6442939976844e-07,0,1.11022302462516e-16,0
2,8,73.9577128823619,69.635502732435,2.83540318550752,0,0,0,0
2,9,73.2501227584858,73.7661737469085,3.88354498051258,2.07793835471648e-08,0,0,0
2,10,72.8480381310779,71.117870071048,2.73112847081015,0,0,0,0
2,11,70.979705248274,70.000872298198,2.81884913750706,0,0,0,0
2,12,72.2539126179874,70.7109103968723,2.6554114682969,0,0,0,0
2,13,71.0323956964374,68.4135503026549,2.4471898847358,0,0,0,0
2,14,72.9557836476189,71.2625534712382,3.05474828038947,3.33066907387547e-15,0,0,0
2,15,71.4219398461601,70.4872154365773,2.62050502236974,0,0,0,0
2,16,72.6051402279022,70.7913179384284,2.53568879470732,0,0,0,0
2,17,69.3183310034918,69.958169051803,2.64149348877194,0,0,0,0
2,18,71.2617757091926,70.1719465157277,2.50896847581565,0,0,0,0
2,19,69.9556886302701,68.3934296849075,2.36387230128711,0,0,0,0
2,20,69.5558128692561,68.4135219523922,2.53450815565058,0,0,0,0
2,21,71.222367730827,73.6342117846626,3.08900695658919,1.99684713209081e-12,0,0,0
2,22,71.5673009596318,71.5034753897865,2.86411233224915,1.11022302462516e-16,0,0,0
2,23,74.98454113843,74.1614415472107,2.51597611188029,0,0,0,0
2,24,77.7681115427639,76.9952514691924,3.109489643723,3.10853742746531e-09,0,0,0
2,25,81.0784499575313,93.4048042705179,4.32581831576999,0.350661345254292,0,3.04012835634637e-05,0
2,26,69.3152754835554,73.3470927843475,8.53919565274087,0.00549223764417939,0,5.93027723716499e-06,0
2,27,69.8453367663457,70.2484224866472,4.15539365893966,1.17271881094894e-09,0,0,0
2,28,70.8000712774229,69.9103416120799,2.49070188942828,0,0,0,0
2,29,70.848556994658,69.4735521810336,2.36355428880001,0,0,0,0
2,30,70.6346756390025,71.5363774319691,3.07395926796626,9.76996261670138e-15,0,0,0
2,31,75.9576349662605,78.7380483108195,3.87838350401753,1.27996574141864e-05,0,1.11022302462516e-16,0
2,32,66.961714509258,68.9098122351365,3.3739395427651,4.55191440096314e-15,0,0,0
2,33,77.9210736119582,75.9575207701697,3.66586708084992,9.34229522631114e-08,0,0,0
2,34,76.6548561814447,76.9194498863692,3.51444679991524,1.21627883875597e-07,0,0,0
2,35,76.4841603845058,78.6121685900344,3.13455388608699,7.66666916618419e-08,0,0,0
2,36,76.8631675551235,76.9851984540309,3.31223882500896,2.40554540731353e-08,0,0,0
2,37,80.9360445753824,78.7134643353506,3.49812354431403,1.47650293802482e-06,0,0,0
2,38,86.2221464159652,87.1104251541738,4.04179085158292,0.0245448388054427,0,2.47611964265815e-09,0
2,39,81.3550959840063,84.7761385200023,3.0752547154008,0.000410909569810713,0,0,0
2,40,80.6453328575264,83.3913075203839,4.14548348534616,0.00243325468729694,0,2.06105132960488e-11,0
2,41,77.7308021635812,79.5553053985844,3.83054770943611,2.57553154652257e-05,0,2.22044604925031e-16,0
2,42,82.4823005377846,85.5394462085761,4.06692221448469,0.00959205408530495,0,2.84279599860326e-10,0
2,43,73.00400678976,77.0249394375321,4.07535636560461,4.79195906788465e-06,0,1.11022302462516e-16,0
2,44,76.0326903864543,74.3343951188611,4.3331635453667,8.59539059261394e-07,0,0,0
2,45,73.4735925344261,78.3275612540842,3.65392865387094,2.32076089179412e-06,0,0,0
2,46,73.8202141765239,75.0894409808665,4.67157519634257,9.5249196629954e-06,0,1.14352971536391e-14,0
2,47,75.7245581751337,74.5400520065387,3.48349508533679,1.9107168069965e-09,0,0,0
2,48,74.5844296513249,75.652619580054,3.03002092101122,7.45359329812345e-11,0,0,0
2,49,77.2765704549368,77.4503716552619,3.73664069247706,1.21607848235783e-06,0,0,0
2,50,76.5190023445876,75.4490987572152,3.99898826348516,4.67271606408026e-07,0,0,0
2,51,70.252776741305,72.5245004011107,2.52991391327761,0,0,0,0
2,52,71.876870245123,71.4957171022069,3.22243733997032,1.29896093881143e-13,0,0,0
2,53,74.3661740666133,72.0965713246634,3.35129138568743,3.60877994154407e-12,0,0,0
2,54,72.0424600062424,72.2572578987712,3.09911054742151,9.25926002537381e-14,0,0,0
2,55,73.553717611183,71.804434540286,3.08259463030644,2.25375273998907e-14,0,0,0
2,56,76.2198338147657,73.1658967486094,3.55882717925061,3.79784204085354e-10,0,0,0
2,57,75.7142029750896,84.3597117660759,5.66261555780975,0.0293570882708333,0,1.57775891107548e-06,0
2,58,83.773454955654,79.1645251534171,6.86181975756625,0.0102496908942357,0,2.08159241443795e-06,0
2,59,75.898136012798,82.0563883930111,4.75740551959147,0.00312695585633671,0,8.13019873646681e-10,0
2,60,70.9652405067458,68.2822946489279,4.7122738209439,6.60314847245047e-09,0,0,0
2,61,70.2058316203589,69.6474424045586,2.85458303423259,0,0,0,0
2,62,67.8233383949014,65.0786057916747,2.49187435040161,0,0,0,0
2,63,66.7030646724362,66.5300655730877,2.99634945379187,0,0,0,0
2,64,67.0957807068249,65.8649603111692,2.29634544057274,0,0,0,0
2,65,72.4141138494638,71.4382939956957,3.20447618004784,8.35997937542743e-14,0,0,0
2,66,71.2073548389413,73.8935181700371,3.04237363785109,1.71940239823698e-12,0,0,0
2,67,74.9577523482898,84.9217269598082,4.34829190584999,0.00983846010544276,0,1.4264189829305e-09,0
2,68,75.6929700103248,76.5503904158897,7.4717930757647,0.00660998371572796,0,2.35673950255144e-06,0
2,69,68.0571658507518,77.6304567435857,3.32709080631616,8.03541063687518e-08,0,0,0
2,70,65.0273423529795,62.8783307647191,6.57763930972794,4.96095746149727e-07,0,1.69531055860261e-13,0
2,71,67.0809339765559,65.315563566123,2.55769695169064,0,0,0,0
2,72,66.7241107883393,66.0265310803352,2.50240571197597,0,0,0,0
2,73,67.1811955835533,66.5572255912561,2.39954922306046,0,0,0,0
2,74,73.9365275339217,72.6692479376179,2.23730723670205,0,0,0,0
2,75,69.699780183561,69.9276521425705,2.247796824966,0,0,0,0
2,76,68.8480892920969,68.3995772169072,3.47558380062936,8.43769498715119e-15,0,0,0
2,77,71.8544614034707,78.598124245515,3.77191518229939,6.34554265421805e-06,0,0,0
2,78,72.1921582762385,91.9764174982933,6.16890574000482,0.308364112248577,0,0.00117019742616131,0
2,79,68.6738705716054,72.4405244349733,13.2617950172757,0.0440127252133302,0,0.001934164227961,0
2,80,65.6889143730352,69.2210970051594,4.09287244700458,1.35867650463695e-10,0,0,0
2,81,67.5506168164237,67.3608174151525,3.65654723593476,1.77635683940025e-14,0,0,0
2,82,68.5348311035138,67.9864704562988,2.79180252296727,0,0,0,0
2,83,64.5990400724264,65.016277698059,2.45764069864388,0,0,0,0
2,84,68.8797948459176,67.3084648953116,3.09386654431917,0,0,0,0
2,85,66.0309650654556,62.1568950182467,2.98482753860598,0,0,0,0
2,86,66.3172061211308,62.9280954399783,3.91181255828182,1.11022302462516e-16,0,0,0
2,87,71.1548355808044,75.4830546405423,4.00900228931341,5.19191661441099e-07,0,0,0
2,88,73.3979808070571,76.1567454669193,5.15257475526032,0.000121531949952902,0,9.4831920094407e-12,0
2,89,65.3503157582141,68.4728913494893,3.40578656955166,2.88657986402541e-15,0,0,0
2,90,63.918879613701,61.895748064846,3.50329867105544,0,0,0,0
2,91,65.9532464257824,67.3989114105468,3.14510225316156,0,0,0,0
2,92,69.2689599577418,70.7679668627094,3.49160087820258,1.72084568816899e-12,0,0,0
2,93,68.7194004718941,66.2608988791183,2.80737876606848,0,0,0,0
2,94,67.2851320014407,67.3136277163752,2.33221584663607,0,0,0,0
2,95,67.3007456422179,65.8745081100893,1.92077199694382,0,0,0,0
2,96,66.1634607286626,64.4416456783225,1.74172069719728,0,0,0,0
2,97,62.546245166266,59.8702405953148,1.77518694764993,0,0,0,0
2,98,64.5865452834259,62.7466112518559,2.63268700068442,0,0,0,0
2,99,64.2609105499242,63.4567568899084,3.66963133219442,0,0,0,0
2,100,64.1955319841255,59.4239833977701,4.29671436618303,0,0,0,0
2,101,68.1621278522238,74.294590818784,5.64712439840198,0.000117600654839456,0,5.39106537189582e-11,0
3,2,69.1234828632204,62.4572031733228,4.04970302299958,4.44089209850063e-16,0,0,0
3,3,71.3538711936631,68.5952516710253,3.90009193598177,5.73729952435542e-12,0,0,0
3,4,68.5019352732417,69.8144653800173,3.71894218321522,5.62938584636186e-12,0,0,0
3,5,69.2949385829144,68.2443357145367,4.03898865426839,1.56660240335782e-11,0,0,0
3,6,68.7774361201519,70.3751397940744,4.00768205123342,3.62895602457058e-10,0,0,0
3,7,54.6066107213192,53.0317785626225,3.17220408383439,0,0,0,0
3,8,57.2972911656518,54.7692817287537,3.2750446704183,0,0,0,0
3,9,53.2384807247862,55.2118856077349,2.92634533648353,0,0,0,0
3,10,53.5502079808398,51.2032253058171,3.42738342909211,0,0,0,0
3,11,56.6232140292886,54.2910265638707,3.21789712518679,0,0,0,0
3,12,56.1166899627039,51.8625397419947,3.64016495975856,0,0,0,0
3,13,52.8714490788066,50.6480251221689,3.06142559947535,0,0,0,0
3,14,52.9582661098621,52.4664566771203,3.20459275582296,0,0,0,0
3,15,54.4346958208925,56.2901125001141,3.05207774523785,0,0,0,0
3,16,58.6713730413666,60.5703142635244,3.64517106293785,0,0,0,0
3,17,54.7822872899957,53.1897028282748,3.17252809288739,0,0,0,0
3,18,54.4094258312869,54.8325027322674,3.26539841968349,0,0,0,0
3,19,53.3901049904986,55.05873621017,3.64539081075755,0,0,0,0
3,20,52.6963052410763,54.5218181608564,3.0879687484787,0,0,0,0
3,21,53.0579893314474,51.2335593211992,3.61181537267428,0,0,0,0
3,22,54.6200999016125,55.5221345351928,3.13918293583956,0,0,0,0
3,23,52.1406906452244,53.3548357641865,3.30148088629711,0,0,0,0
3,24,53.9894918037852,53.2594239792257,3.16785601715001,0,0,0,0
3,25,53.413947644599,54.506277849888,3.14226166908766,0,0,0,0
3,26,68.1947580993457,66.6692285178056,4.75048435051719,1.13490117303883e-09,0,0,0
3,27,53.4278579421814,56.3273872083729,3.42244824172194,0,0,0,0
3,28,51.6059351382391,51.5901074547605,3.47443752731424,0,0,0,0
3,29,51.1946892070074,50.3336862103631,3.15851690193164,0,0,0,0
3,30,53.5853563338018,56.5589102372459,3.59346424501487,0,0,0,0
3,31,53.4966546743836,54.5077324301236,3.30277543397987,0,0,0,0
3,32,63.7281037019124,63.8628843307256,4.66999776437529,1.18525189662932e-11,0,0,0
3,33,52.7629108716772,54.5453348993907,3.49259527499361,0,0,0,0
3,34,72.2005904380091,73.0181755440557,4.17196991422011,6.31102304859965e-08,0,0,0
3,35,57.6458137096108,59.2752197696831,3.46150552774753,0,0,0,0
3,36,55.6842199718856,55.2934065255245,3.46420948739598,0,0,0,0
3,37,71.4589703734869,70.5495786497863,4.27689227937074,4.96824803519758e-09,0,0,0
3,38,120.197065567932,120.204282885467,4.70058290037644,0.999999955620716,1,0.977853940169329,1
3,39,101.206150181638,109.623354957439,4.14244597479308,0.999779872599395,1,0.392827124363145,0
3,40,81.7681221265622,86.8091838405141,4.42713633488546,0.031120532257043,0,3.19148852900852e-08,0
3,41,90.504140308368,92.8522632747991,4.41687202263367,0.308281699284067,0,2.53785982701205e-05,0
3,42,80.0475462789708,87.0282649497019,4.26605394045295,0.0298078790883488,0,1.34452882161185e-08,0
3,43,68.7059898528516,68.3892223199958,5.67058965057698,1.27530885818405e-06,0,3.99680288865056e-14,0
3,44,90.9427795105249,87.1831206632009,4.22637441070571,0.031113915249509,0,1.22965285731524e-08,0
3,45,96.3429436573458,93.7131465955349,3.98575225288037,0.367343335918552,1,9.58176521448362e-06,0
3,46,82.7914254632365,90.2637558584102,4.24577885053623,0.129117887753136,0,6.99778283652641e-07,0
3,47,77.9899408493631,81.2319587406229,3.84359376701471,0.000159904343304706,0,7.99360577730113e-15,0
3,48,74.0921028548058,76.8822356801327,4.01089274664383,2.90657114521142e-06,0,0,0
3,49,81.6228246741911,85.639515326035,4.77905587333097,0.0243036564540998,0,7.43096265631848e-08,0
3,50,58.3941222562875,61.5070685910051,3.52616097593005,0,0,0,0
3,51,57.1711429157218,56.1116391921347,3.24204202968761,0,0,0,0
3,52,56.1268544835306,53.8564763692878,3.29737967256738,0,0,0,0
3,53,59.5014828334991,58.9065685610434,4.04477581442347,0,0,0,0
3,54,60.9779348672127,61.6860511146894,3.64037324594585,0,0,0,0
3,55,59.8524683926037,63.204081734117,3.89403421442024,1.11022302462516e-16,0,0,0
3,56,71.4542165947551,74.7565059813964,3.94858199886776,1.35220831087857e-07,0,0,0
3,57,68.0442034479545,69.5804040771914,3.75191333720131,5.52424772592985e-12,0,0,0
3,58,67.6404794527006,66.4860203108274,3.78456353478618,2.1538326677728e-14,0,0,0
3,59,73.1061642034856,75.5514031408939,4.78260421285774,2.25283608418225e-05,0,9.2148511043888e-14,0
3,60,71.6334122092976,74.1392126782755,4.84818446846571,7.94459833963757e-06,0,2.1538326677728e-14,0
3,61,54.4399687885098,61.6473243373589,3.94844493539116,0,0,0,0
3,62,52.7511049702059,51.8346201302716,3.70115212218296,0,0,0,0
3,63,54.280221243868,53.5992979155169,3.65717137159561,0,0,0,0
3,64,50.4019807031541,50.3412533750204,3.29874437017292,0,0,0,0
3,65,50.6161614940644,49.2181618033301,3.47518037074253,0,0,0,0
3,66,51.3977114673423,49.0948081356091,3.10442874767269,0,0,0,0
3,67,54.4406575671966,48.3581713928608,3.98341461556002,0,0,0,0
3,68,51.439388135119,49.4407987265939,3.30084598261468,0,0,0,0
3,69,51.1982904670653,46.5064357554392,3.29846961149655,0,0,0,0
3,70,54.5628075681434,53.2081245122126,3.88690744360237,0,0,0,0
3,71,70.494741777562,67.4551543771466,4.15512698214631,1.5212053838809e-11,0,0,0
3,72,58.287779967571,55.6490470485518,4.6217590815902,0,0,0,0
3,73,50.5926263969014,49.126259547237,3.45761196414303,0,0,0,0
3,74,50.8396128185323,47.6176272946764,3.21322409581966,0,0,0,0
3,75,53.908433743962,51.264765538243,3.25369348203845,0,0,0,0
3,76,52.1526572384664,52.5424136525532,3.68865741012111,0,0,0,0
3,77,53.8576203477781,52.9166376827572,3.23271910803648,0,0,0,0
3,78,57.6199483704658,57.1006988211783,3.57321124947986,0,0,0,0
3,79,62.4197481806677,59.8720513227343,3.76709046686138,0,0,0,0
3,80,62.3679187723067,62.3816858403432,3.82597947797698,0,0,0,0
3,81,59.658825655433,57.5588123424332,4.04303538753929,0,0,0,0
3,82,52.9410587834001,54.9029331593998,3.41147625371176,0,0,0,0
3,83,57.055678150735,57.9534443602569,4.08964297685759,0,0,0,0
3,84,64.4632325202288,64.9835901914803,4.46533324767136,8.11739564454683e-12,0,0,0
3,85,55.2706686659166,52.2722335903171,3.68785814130765,0,0,0,0
3,86,55.6461208884486,55.980544978394,4.05809811598642,0,0,0,0
3,87,53.446717868594,52.5689341632354,3.23234393266324,0,0,0,0
3,88,53.9949951995817,50.0001811185247,3.58837646200407,0,0,0,0
3,89,54.69042563873,49.9775450012741,3.92126357313864,0,0,0,0
3,90,53.5140824293596,50.0908664417172,3.75906632031666,0,0,0,0
3,91,63.1215489665901,64.4838602796028,3.80575691516644,4.44089209850063e-16,0,0,0
3,92,63.7291875541245,66.1389734572915,4.12234162706003,1.13642428800631e-12,0,0,0
3,93,63.0986560269854,62.3779464334745,4.2913783425441,1.29896093881143e-14,0,0,0
3,94,56.9465717612606,55.4817149544097,3.42931681498185,0,0,0,0
3,95,54.8703731415519,50.4266717970135,3.73859677928237,0,0,0,0
3,96,51.7401224902355,55.3223473025253,3.11526108772453,0,0,0,0
3,97,62.0947321802085,62.6411483846711,4.48500066896141,2.43027820090447e-13,0,0,0
3,98,47.2024163609413,44.6049252942663,3.58334405454317,0,0,0,0
3,99,50.2933219039265,47.0316655557478,3.49559336534733,0,0,0,0
3,100,51.9681268333031,54.8168323286444,3.48884143250513,0,0,0,0
3,101,52.5021920079839,49.3424809359284,3.39297101621367,0,0,0,0
3,102,53.755364873432,46.7334724829135,3.7054351178951,0,0,0,0
3,103,52.7136552564302,45.667629436081,5.34870127675849,0,0,0,0
3,104,58.4988144167188,56.1452613872854,6.06943089497321,7.16984249748975e-11,0,0,0
3,105,51.7869784617474,50.3651717654055,3.62581167912232,0,0,0,0
3,106,51.0411435662298,52.1019185917761,3.53629888415118,0,0,0,0
3,107,71.9353910297786,69.9424267435129,4.93384473877529,1.77466741635435e-07,0,1.11022302462516e-16,0
3,108,59.8665777076813,63.8135296177715,4.50419039171437,1.98752125868396e-12,0,0,0
4,2,64.8317078529052,68.6921614123575,2.88561707616409,0,0,0,0
4,3,65.32201762049,65.2011319784842,2.85301093617104,0,0,0,0
4,4,67.52264091004,67.9903698969922,2.98843420464225,0,0,0,0
4,5,69.8181438422218,71.0429699383364,3.37502296413638,5.50448575609153e-13,0,0,0
4,6,68.0187447195899,68.6554264597325,2.76734042819637,0,0,0,0
4,7,61.1922236785383,61.6669374296923,2.48896907153887,0,0,0,0
4,8,59.8963369998876,61.9308876450246,2.3501212127054,0,0,0,0
4,9,58.3230543797634,59.483475044631,1.54399281898753,0,0,0,0
4,10,59.6939137014124,57.340911691022,2.49848956423835,0,0,0,0
4,11,59.1945171916283,58.0728917507146,1.99419794648876,0,0,0,0
4,12,65.2842657957702,65.6535825419119,2.81579213436523,0,0,0,0
4,13,56.9587999256258,58.1669447219544,2.52423265256632,0,0,0,0
4,14,58.676208930325,58.4119411695877,2.25951321902584,0,0,0,0
4,15,66.7286395661145,64.8445974961628,3.0713334020225,0,0,0,0
4,16,55.8903513224424,56.6029063545708,2.04707234416449,0,0,0,0
4,17,58.327526068421,57.6068011646956,2.24423074917897,0,0,0,0
4,18,58.2366338540077,54.2395523023685,2.38434547558233,0,0,0,0
4,19,56.8825827877469,56.843924915404,2.65674528709961,0,0,0,0
4,20,59.6749441017873,56.8101617894301,2.91407257563586,0,0,0,0
4,21,69.0822531570734,66.9042629071536,3.32751596815845,0,0,0,0
4,22,59.2259664537865,59.8849464198085,2.31921467310096,0,0,0,0
4,23,57.0817629575136,55.6306426276813,2.27582782571769,0,0,0,0
4,24,59.0835520898263,56.6765231180828,1.85995701174214,0,0,0,0
4,25,71.209329776564,72.7314355333315,3.90824874091705,5.5114049990479e-09,0,0,0
4,26,65.0804625426957,65.9550806291484,3.36429314715049,0,0,0,0
4,27,61.2561633385447,62.7060347454451,3.27761623288448,0,0,0,0
4,28,58.4630705877646,60.4765382967268,2.52908882136439,0,0,0,0
4,29,62.4863651582267,65.9045208163249,2.76141897382099,0,0,0,0
4,30,66.3871670583058,66.9154333901506,3.44807261161614,1.11022302462516e-16,0,0,0
4,31,61.578989851179,61.8442009436061,2.9724100833115,0,0,0,0
4,32,61.505771681405,61.0772396906937,3.54652349913789,0,0,0,0
4,33,63.8497272099852,61.2063479694901,3.29169020138375,0,0,0,0
4,34,62.4220776604775,62.8984102221071,2.79741505971603,0,0,0,0
4,35,60.2962596191684,60.8529202550895,2.5644665678366,0,0,0,0
4,36,62.0726003537991,61.5686959642896,2.74709862940982,0,0,0,0
4,37,61.2214849207286,61.3836439721762,3.08506139939632,0,0,0,0
4,38,69.9112976359197,68.7146029804705,3.76481557855682,1.29052324382428e-12,0,0,0
4,39,63.5047632522231,65.8091756441566,2.87356603455584,0,0,0,0
4,40,66.3686323490962,68.0950751964883,2.9418674444254,0,0,0,0
4,41,72.7872737742558,73.4277878249485,3.79931069159717,6.17766848787227e-09,0,0,0
4,42,65.974458239061,70.5340091079623,3.05677531222905,5.55111512312578e-16,0,0,0
4,43,62.819091764699,63.5295240449491,3.12500509364795,0,0,0,0
4,44,63.1613481420247,61.2509906542036,3.14246159697753,0,0,0,0
4,45,64.699079594107,61.6988111693378,3.1779090082193,0,0,0,0
4,46,59.0723423397009,61.1986110736391,2.52219859249208,0,0,0,0
4,47,63.2504853551401,61.5248894831935,2.22641407039562,0,0,0,0
4,48,61.8676676511745,61.1579613399445,2.42177189719337,0,0,0,0
4,49,70.6924525321796,69.0927468911631,3.39874596293316,1.0769163338864e-14,0,0,0
4,50,62.0808480867921,64.7692821492183,3.06931258113569,0,0,0,0
4,51,60.2583423983152,58.5156025137691,2.61241281048394,0,0,0,0
4,52,63.3904870270761,63.8142505926627,3.68097003053587,0,0,0,0
4,53,56.5237759353228,59.2276820371814,2.30490680899198,0,0,0,0
4,54,69.6698893202107,70.6259322599752,4.24180464293769,4.17536138996866e-09,0,0,0
4,55,67.7554662336874,70.7956019461635,3.74470224287318,4.5647707835883e-11,0,0,0
4,56,71.1256389578342,73.6141511407627,3.60496346904867,1.34019961794962e-09,0,0,0
4,57,70.8296808930253,72.7073276467535,3.77862831667153,1.64345670405908e-09,0,0,0
4,58,66.326328904627,66.9088955086972,3.1832106412679,0,0,0,0
4,59,67.6580892279964,69.3616042284413,3.45461364638426,5.02931030155196e-14,0,0,0
4,60,74.262631065856,74.7856300336207,3.98540154943847,1.80796569937414e-07,0,0,0
4,61,79.03011948323,78.6558109267337,3.81244312992003,8.39360934645761e-06,0,0,0
4,62,74.2770615644601,75.4043052185423,3.60640236193185,2.50005663948727e-08,0,0,0
4,63,75.326301577485,75.9137891678466,3.93130422694706,5.54647278105946e-07,0,0,0
4,64,77.1972301579832,74.911300132522,3.72415536560704,3.128032088906e-08,0,0,0
4,65,72.8309043863579,74.1086728023569,3.74770889294291,1.12571564292452e-08,0,0,0
4,66,78.8750583358799,76.7786961234845,4.1657991327622,5.68410311163614e-06,0,2.22044604925031e-16,0
4,67,83.7895954287426,81.9860539102663,3.43546080859807,7.04095007658667e-05,0,0,0
4,68,84.9668730937676,83.7333778320636,3.70817320942501,0.0011232174309751,0,1.59983137848485e-13,0
4,69,84.6208636505326,84.6854039400723,3.49043180419827,0.00147252527406005,0,4.08562073062058e-14,0
4,70,82.3223094983419,83.7441164401097,3.2981652958172,0.000299409778644621,0,1.11022302462516e-16,0
4,71,82.8713700831742,82.7504664691518,3.71154444083002,0.000453961870719555,0,2.27595720048157e-14,0
4,72,78.3467020811411,82.8180453853667,4.07450668683514,0.00132579327657978,0,3.55870888313348e-12,0
4,73,60.4124551356403,57.6033857650552,3.05164414154023,0,0,0,0
4,74,57.1857535547229,50.4194695732187,3.18731212620008,0,0,0,0
4,75,66.8455824321075,66.3653415618883,3.50183889309313,1.11022302462516e-16,0,0,0
4,76,62.2979716733575,59.2613880560716,2.52987324232099,0,0,0,0
4,77,63.6233521921195,62.1217588597072,3.36362226962113,0,0,0,0
4,78,57.1137463361107,56.8314667237066,2.82334171526734,0,0,0,0
4,79,58.71423389554,56.1035364733721,2.98545210525317,0,0,0,0
4,80,75.6818471092883,73.6142727833874,3.70189063417762,3.43159611837507e-09,0,0,0
4,81,63.328956422275,65.3831855417888,3.34833715636186,0,0,0,0
4,82,57.0122696765886,61.3829767211295,2.39052682948303,0,0,0,0
4,83,57.2239217081279,57.8298490669803,2.46105460612392,0,0,0,0
4,84,55.6576494569985,53.8684660138878,2.33999235839825,0,0,0,0
4,85,57.6685168726708,57.8708696817488,2.53006002389917,0,0,0,0
4,86,55.3300235841206,54.1992030123363,2.24748107717086,0,0,0,0
4,87,57.6344963573819,53.9777451450537,2.81547119171016,0,0,0,0
4,88,56.8808131798809,55.2701694820876,2.45568379361342,0,0,0,0
4,89,57.3369089184607,57.9114250406233,2.3710851780637,0,0,0,0
4,90,57.8088051638101,56.727329399859,2.48842809624929,0,0,0,0
4,91,66.3151623023069,67.0863382062367,3.60480106115865,4.21884749357559e-15,0,0,0
4,92,63.0519019132575,61.9822981576738,2.95531856036697,0,0,0,0
4,93,64.8761531637759,63.2167907159026,3.1431685021125,0,0,0,0
4,94,68.22134052915,68.0839569173509,3.23099682349825,0,0,0,0
4,95,74.3472778913847,73.1306635509965,3.72367601492198,1.92848736979556e-09,0,0,0
4,96,60.8872569341634,59.6692672256711,2.65045983693216,0,0,0,0
4,97,64.2567108567095,60.7183490604941,2.60638156993781,0,0,0,0
4,98,63.9215388459725,61.8176947626271,2.43534171973181,0,0,0,0
4,99,58.4852008745854,57.4603440184656,1.93427196658257,0,0,0,0
4,100,60.3646950913697,57.4726005164938,1.96089907820152,0,0,0,0
4,101,61.2768450784607,59.1725782383207,2.24599611396453,0,0,0,0
4,102,71.8812086227189,70.5862692825799,3.90769270158533,1.87658000250224e-10,0,0,0
4,103,64.5756326250035,67.1228218639872,3.00885912281688,0,0,0,0
4,104,63.4510109380344,60.6299663395064,3.02880215632258,0,0,0,0
4,105,69.7843634333485,70.9692555880553,3.62232969734378,1.4486190025309e-11,0,0,0
4,106,60.0949288414403,61.4360624548257,2.90314010223823,0,0,0,0
4,107,72.2874628555126,70.3534501594484,3.86301884188476,7.9400708230537e-11,0,0,0
5,2,68.1757814655967,69.2280327471757,3.15455724677943,1.11022302462516e-16,0,0,0
5,3,67.6745241167348,68.133301910437,2.45288185893387,0,0,0,0
5,4,70.0126119144042,73.1939244775496,2.90391624123107,2.50910403565285e-14,0,0,0
5,5,66.2637893627843,66.0928279967151,3.07142957125276,0,0,0,0
5,6,65.0311967215321,61.9744575891227,2.62707612686253,0,0,0,0
5,7,63.2347534414626,64.6389386072969,1.89977486742181,0,0,0,0
5,8,63.3795070501889,62.0619642688787,2.14704443697841,0,0,0,0
5,9,61.4595375922247,63.0501685013243,1.92110884320116,0,0,0,0
5,10,62.226896968086,64.1171696613924,1.93922812468313,0,0,0,0
5,11,59.8899980474127,59.2441200584025,1.31989605562932,0,0,0,0
5,12,59.7666509220259,59.8113035671677,2.01758353665855,0,0,0,0
5,13,62.2976269311462,61.9775551981317,2.09503807764927,0,0,0,0
5,14,60.2470542300549,61.41842649443,1.28845234362733,0,0,0,0
5,15,60.4253168306509,61.7231560269935,1.86781400452664,0,0,0,0
5,16,62.9016893289117,62.5956988703276,2.32074308492198,0,0,0,0
5,17,64.478617169685,68.5205177916971,2.59009055575691,0,0,0,0
5,18,63.8523159085181,65.3017952079017,2.42268566900129,0,0,0,0
5,19,65.7781930748164,66.7526761140864,2.64931810645189,0,0,0,0
5,20,65.0366813739074,68.1458478828758,2.2852004052144,0,0,0,0
5,21,65.833477928199,68.7091627648027,2.64185673157503,0,0,0,0
5,22,62.1954867176099,64.2969218143284,1.1276250129153,0,0,0,0
5,23,62.7262742488569,64.5259798637258,1.87596690258648,0,0,0,0
5,24,62.4194664288305,63.3624783744403,2.39452577966119,0,0,0,0
5,25,66.6477759266454,68.655118468907,3.47282752170121,1.43218770176645e-14,0,0,0
5,26,70.2334200224305,69.1423783651693,3.10296751409871,0,0,0,0
5,27,69.6735503734417,67.8469585146116,2.54081013066652,0,0,0,0
5,28,64.779842292326,63.3567009584187,2.21936144063265,0,0,0,0
5,29,65.6873094056113,63.2529318778436,2.41774181195674,0,0,0,0
5,30,66.1878872941227,67.8388577183234,2.2615374169598,0,0,0,0
5,31,71.9954341142529,72.8896659888054,2.92157326233185,1.59872115546023e-14,0,0,0
5,32,66.5940120705558,69.296107772152,2.44991412110994,0,0,0,0
5,33,67.7814199984598,66.2135579264176,2.8204697112807,0,0,0,0
5,34,65.1765653331314,69.092516331148,2.70038517757203,0,0,0,0
5,35,66.5039436440445,71.5055707547993,2.01567987289454,0,0,0,0
5,36,68.0573273382603,67.4844754496102,2.33855096001771,0,0,0,0
5,37,63.8481054935113,65.0225612972348,2.89052592311396,0,0,0,0
5,38,70.5313705652046,70.2397016921302,3.2148456157492,5.77315972805081e-15,0,0,0
5,39,71.4250698187054,68.5205237048818,2.94501054353612,0,0,0,0
5,40,69.7843034206993,67.7068451961224,3.28933416548626,0,0,0,0
5,41,70.4322393714162,67.4405319313757,3.20155463716611,0,0,0,0
5,42,70.21664600322,68.2741295520816,3.09347664846108,0,0,0,0
5,43,62.9459804339302,62.3166168472642,2.03301218110688,0,0,0,0
5,44,66.4746403901753,65.3058995009278,2.74444589381426,0,0,0,0
5,45,72.0764056519311,72.5138505216403,2.83211177467946,8.88178419700125e-16,0,0,0
5,46,65.1558418518757,66.6137988454809,1.75557551071412,0,0,0,0
5,47,67.0177734320006,67.5621864397611,2.01373017858962,0,0,0,0
5,48,64.0218903359849,63.9252281622115,1.43006792704319,0,0,0,0
5,49,63.2318546338575,63.7113662655836,1.97343168127077,0,0,0,0
5,50,62.574522364148,65.1227707679127,2.11780019819039,0,0,0,0
5,51,61.3113459244289,66.4784547757187,1.69062341987667,0,0,0,0
5,52,69.1157572825685,64.5229059820995,3.41284537380105,0,0,0,0
5,53,65.6149065722084,64.2786110854864,2.46760880530768,0,0,0,0
5,54,72.8440104080307,67.9844194448658,3.80839465830129,5.78204151224782e-13,0,0,0
5,55,77.5217230354768,74.5045587393141,2.75790639204576,4.50750547997814e-14,0,0,0
5,56,78.0135525454569,76.1331042951293,3.29728338570861,4.6966803779469e-09,0,0,0
5,57,77.9819257516903,73.8356195061528,3.34145116887458,1.05567443675625e-10,0,0,0
5,58,80.9957863183593,79.8714381542886,2.93230430003249,1.10308833956019e-07,0,0,0
5,59,80.0980379536078,80.1536433304377,2.95932038460938,2.34708862234534e-07,0,0,0
5,60,90.7248191421123,89.5004604525517,3.56841759361895,0.05948870425321,0,1.30138588794182e-09,0
5,61,99.2603841699089,96.4296589702368,2.88311829764453,0.682145089755688,1,3.40092931150338e-07,0
5,62,92.3465072237497,92.6766057734403,3.31316657575226,0.235593066339498,0,2.44865397958094e-08,0
5,63,93.7365134053127,93.217047860042,3.07272675907692,0.273903423317434,0,5.78420644714583e-09,0
5,64,92.2971343162971,92.2304747795353,3.42745949206987,0.204207366112946,0,3.27204038308437e-08,0
5,65,88.1223681480477,91.5355898633646,3.2881617499412,0.141627227253878,0,2.55593490816608e-09,0
5,66,86.2301770820315,91.287241705662,3.29017609291265,0.125512786715769,0,1.65541957919402e-09,0
5,67,89.2171892219052,91.0430201786497,3.38123260559908,0.117184702968885,0,2.79940293168579e-09,0
5,68,83.9198259269614,86.658882772814,3.25714087489251,0.00493297865957976,0,6.99440505513849e-14,0
5,69,85.114258116467,85.5162580198487,3.0918959962111,0.00100767759526932,0,1.11022302462516e-16,0
5,70,88.046827502336,85.55277248107,3.20952455912884,0.00152125528800529,0,2.1094237467878e-15,0
5,71,88.1263986238844,88.1926408932788,3.37069815152678,0.0207484887167404,0,1.09942055459555e-11,0
5,72,79.3256752736956,77.6096488994299,3.40457960024389,1.47431849617519e-07,0,0,0
5,73,69.4002830821456,69.3926123481662,2.18338875278356,0,0,0,0
5,74,68.4287735921854,64.849664026345,2.59073713021781,0,0,0,0
5,75,72.4295305078862,66.2440276736484,2.76172776167813,0,0,0,0
5,76,69.2868162304116,64.4171458917777,2.81627225758772,0,0,0,0
5,77,73.1197154034467,67.7127678646801,2.40977895942972,0,0,0,0
5,78,70.6303577238465,65.4940569994621,2.6869566529314,0,0,0,0
5,79,77.2468585376459,69.3329567657779,3.26098286848419,1.55431223447522e-15,0,0,0
5,80,63.6780719152145,62.2852380428927,2.11385710030271,0,0,0,0
5,81,68.5557782456149,63.4077812648715,3.31812692594382,0,0,0,0
5,82,63.3398946698008,61.3262271707255,1.65493881712224,0,0,0,0
5,83,67.1222246077097,62.2542507165973,3.10824984953188,0,0,0,0
5,84,63.6312290767344,62.0350300513872,2.00123608320032,0,0,0,0
5,85,62.4714372604142,59.8746757266303,1.82835910501818,0,0,0,0
5,86,64.0969991757561,61.1670940345142,2.53083742481594,0,0,0,0
5,87,60.7903217150363,59.6041910033514,1.8935902000171,0,0,0,0
5,88,64.5302829802573,66.392818502753,2.61652657675489,0,0,0,0
5,89,70.4691808697632,66.7469870003409,3.67495032688239,6.55031584528842e-15,0,0,0
5,90,70.0629515614417,68.2388862306723,2.71380291251482,0,0,0,0
5,91,72.6549103811489,76.2606172685781,3.36442299959476,1.14281950569506e-08,0,0,0
5,92,71.4952813850578,67.3612833530807,3.50352776525009,1.33226762955019e-15,0,0,0
5,93,64.8786105538256,64.5160668313781,1.78060334417459,0,0,0,0
5,94,65.2844442477529,64.6973996447103,2.04079435548306,0,0,0,0
5,95,63.2580621796899,61.4652004416201,1.74039799849892,0,0,0,0
5,96,62.5193060366168,61.5646258600721,1.44016257760556,0,0,0,0
5,97,62.0089806444975,60.0571564027634,1.0374760600126,0,0,0,0
5,98,62.1660028353575,61.2408258514681,1.65914223627324,0,0,0,0
5,99,70.243398408637,68.5947234107904,3.42527441320754,5.44009282066327e-15,0,0,0
5,100,66.9193945982241,64.6200729825495,2.35123851245284,0,0,0,0
5,101,70.0002562128549,66.9308505745016,3.46773320600478,2.22044604925031e-16,0,0,0
5,102,65.5463655291745,64.1597753599497,2.86075456994281,0,0,0,0
5,103,73.1411102045476,74.5549825792098,4.13527939435854,3.53370371408701e-07,0,0,0
5,104,71.5274125715649,70.4831877862834,3.50669840851903,1.19459997449667e-12,0,0,0
6,2,75.6955697577107,72.8548813414718,3.09214512528806,3.42503803096861e-13,0,0,0
6,3,69.1152527530601,69.5059436705091,2.19630026078926,0,0,0,0
6,4,71.8739514065782,74.7779058171662,2.78487928379857,1.61648472385423e-13,0,0,0
6,5,69.6636791427051,71.4193206790024,2.66697617001811,0,0,0,0
6,6,70.3613657756396,72.6168486218439,2.89878931017315,4.88498130835069e-15,0,0,0
6,7,72.0511423958259,74.5897220559726,2.75993003519711,5.92859095149834e-14,0,0,0
6,8,69.9404031291728,73.3138727980411,2.81916065004485,5.99520433297585e-15,0,0,0
6,9,74.9726043135634,77.5090951646574,3.0944821648127,7.01833424709974e-09,0,0,0
6,10,79.7629168752815,81.0415609523944,2.8932593722108,6.281102229444e-07,0,0,0
6,11,73.1891730525006,73.213364468404,2.9036584042642,2.63122856836162e-14,0,0,0
6,12,67.6446155699687,66.4642240865255,1.66142856258804,0,0,0,0
6,13,70.6710505562703,70.9352615545841,1.89783906228127,0,0,0,0
6,14,65.7116930473894,66.6665425484973,0.931905751490529,0,0,0,0
6,15,66.9170301101769,66.6114260698438,1.69576484722204,0,0,0,0
6,16,66.9523201600238,68.0990312240099,1.40593299294108,0,0,0,0
6,17,64.8581258256266,66.5659362062711,1.65651311482196,0,0,0,0
6,18,65.5453627442614,65.4116941581853,1.25977387199211,0,0,0,0
6,19,66.6062318391666,68.0084078780283,1.23937915959849,0,0,0,0
6,20,65.7606469305897,67.3007745073756,1.08060050660827,0,0,0,0
6,21,66.8168897546312,67.1002557884632,0.871315286230358,0,0,0,0
6,22,68.4258369949997,68.6201715233751,1.8919513933991,0,0,0,0
6,23,75.7528823759769,75.6302365137426,3.29487222958043,1.83792303598551e-09,0,0,0
6,24,69.8228948783772,72.0597787504478,1.86850180404712,0,0,0,0
6,25,68.729124056034,70.1786919853252,1.72427520021339,0,0,0,0
6,26,72.879920536859,77.0627608154586,2.54213945658666,7.15094650161063e-13,0,0,0
6,27,74.1615740964223,75.6654569393491,2.46069439064683,1.55431223447522e-15,0,0,0
6,28,75.5984615599045,77.7896235417677,2.49277670402672,2.10809147915825e-12,0,0,0
6,29,70.5079583680834,75.1509609174485,1.92205631293463,0,0,0,0
6,30,72.1051020424856,73.4727807335921,2.56617944530969,0,0,0,0
6,31,70.8219475858533,72.8217425434993,3.0027188908368,6.43929354282591e-14,0,0,0
6,32,66.2847941862794,70.967488698215,1.45461443928914,0,0,0,0
6,33,68.4652523721755,72.5316320456982,2.8250734584134,7.7715611723761e-16,0,0,0
6,34,68.1772062122372,70.1246583248601,2.26481951077751,0,0,0,0
6,35,76.2734205248779,80.6374807705312,3.45975144907547,1.52441811885895e-05,0,0,0
6,36,74.8074298989632,78.1761616811981,2.52763622267416,1.18463017173553e-11,0,0,0
6,37,81.55454939163,85.7632075873762,2.96569361586521,0.000856063720542921,0,0,0
6,38,77.0927037111629,78.8460585890552,2.48320109095372,3.26603188938179e-11,0,0,0
6,39,79.2588734556136,79.455038514836,2.7494639540788,6.85148293655402e-09,0,0,0
6,40,84.7192645391013,83.4259268660638,3.33376275791329,0.000240657600035221,0,1.11022302462516e-16,0
6,41,89.1392735778826,87.839515673887,3.26137495573235,0.0133753152503411,0,1.07214237488051e-12,0
6,42,82.1202789649024,85.3548425657232,2.75170860204822,0.00020905763913126,0,0,0
6,43,80.7534979459024,82.7107123304002,2.86946334273866,8.34721679010553e-06,0,0,0
6,44,77.2416624101379,81.109952386648,2.54334814704403,2.05043568790586e-08,0,0,0
6,45,75.6348613141794,80.0704952139415,2.53006667562309,1.55112012123482e-09,0,0,0
6,46,77.3450892146011,79.5007994370941,2.45013159304637,1.06302189273322e-10,0,0,0
6,47,78.215382237347,83.8239876840574,3.15474771104379,0.000183418741506736,0,0,0
6,48,78.2874484821969,78.9938851002436,2.62002128431946,4.29704272164599e-10,0,0,0
6,49,79.6081222908132,81.5764240205494,2.37005185590378,6.32236452080548e-09,0,0,0
6,50,81.0824959844696,83.2735198869657,2.53607662799517,1.66720112482199e-06,0,0,0
6,51,74.5395573463045,75.6232415588298,2.54505760307399,1.0991207943789e-14,0,0,0
6,52,75.4016847498874,76.3568863582519,3.17397043483342,1.88607551798725e-09,0,0,0
6,53,79.4663848721671,79.1197262967668,3.83651254254902,1.62000930248318e-05,0,1.11022302462516e-16,0
6,54,65.0272486719144,69.2341588863848,2.1169445613589,0,0,0,0
6,55,69.1324024281775,68.0774730153135,2.75840797328309,0,0,0,0
6,56,77.1371882190953,73.8245192385739,3.11294006963534,4.45987691222172e-12,0,0,0
6,57,65.8134555891766,67.0408740735661,2.13682504501573,0,0,0,0
6,58,73.9023120361402,70.2165518465875,2.75697202515213,0,0,0,0
6,59,69.8130075183283,69.0512545641462,2.50902663662532,0,0,0,0
6,60,73.5767749956057,79.1699290084968,3.60888225210147,5.31050332441829e-06,0,0,0
6,61,69.6921261788638,76.1133796152517,2.80073456209883,6.60715926414923e-12,0,0,0
6,62,66.6554252040549,67.9421399157128,1.9577523987371,0,0,0,0
6,63,73.7121799852644,76.093785448808,2.05583151728499,0,0,0,0
6,64,68.9964461017341,73.7701073009941,2.03639909352688,0,0,0,0
6,65,68.6544115354335,71.0913827917474,1.47489566581413,0,0,0,0
6,66,68.5004486076245,70.4502783564127,1.8576277724765,0,0,0,0
6,67,67.7870031916596,71.5216203407515,1.91703594322163,0,0,0,0
6,68,72.233884127491,76.289575907174,3.54927553417121,6.12839776703566e-08,0,0,0
6,69,66.1575024412462,68.850024886007,2.20552244221529,0,0,0,0
6,70,66.1124937926279,68.9693200203083,1.61292597062466,0,0,0,0
6,71,68.8970969766025,70.8647715459945,1.76928512195229,0,0,0,0
6,72,69.3890334245837,70.5110610872167,3.05098214269209,4.44089209850063e-16,0,0,0
6,73,67.9104514003628,71.7802623374525,3.10179606139734,3.03090885722668e-14,0,0,0
6,74,71.3117444690091,75.1416972970625,3.01458130900223,1.93963733963187e-11,0,0,0
6,75,79.2177897829061,80.1924822051707,3.25481831452089,2.44970056550997e-06,0,0,0
6,76,64.8517831067726,67.7469141842686,1.67627654271467,0,0,0,0
6,77,66.6073504152585,66.6704157743228,0.206259591315622,0,0,0,0
6,78,65.3340687951672,66.5155854972253,0.476791092005048,0,0,0,0
6,79,66.7628271303403,66.6482542007553,0.870635121149177,0,0,0,0
6,80,68.2716743550019,73.3368500001062,2.23612528633119,0,0,0,0
6,81,66.859089350867,66.7024354423854,1.23964940258798,0,0,0,0
6,82,70.5582839730547,70.5524005346846,1.8358730693629,0,0,0,0
6,83,73.4801262813494,73.2456859862066,3.26256698709152,1.13553610958661e-11,0,0,0
6,84,67.0240982312344,69.6850646681938,1.85917064993971,0,0,0,0
6,85,66.1751999056554,66.8285135978155,1.39315302471995,0,0,0,0
6,86,66.1847863824999,69.4508777402397,2.45286618831982,0,0,0,0
6,87,72.3883697675322,73.8490171862427,3.51889071078265,8.2561157910277e-10,0,0,0
6,88,64.4236530799083,70.4756247792724,3.1129538304597,1.4432899320127e-15,0,0,0
6,89,71.1281402517288,71.3938121706358,3.18033721397778,4.9293902293357e-14,0,0,0
6,90,72.8694245535488,71.9487693403624,2.67079216389489,0,0,0,0
6,91,67.0329834190066,67.7137232608891,2.28072451527459,0,0,0,0
6,92,71.2013970549395,72.0337973017227,2.51215059286613,0,0,0,0
6,93,72.6332666669421,70.2914299627495,3.0499582208886,2.22044604925031e-16,0,0,0
6,94,63.4297878935843,66.6255657504472,2.62560972086461,0,0,0,0
6,95,67.9455671038228,65.5544058280966,2.2053135815234,0,0,0,0
6,96,68.0767936112394,68.6219358466937,2.44171032802809,0,0,0,0
6,97,66.0328296980281,65.3440292495153,2.29877313909377,0,0,0,0
6,98,64.8400622582802,67.7267209059101,2.21136177761592,0,0,0,0
6,99,65.0087156945263,65.638204723543,2.43668505298664,0,0,0,0
6,100,72.7431743432611,71.6232340759891,3.56244528446523,2.35319541630474e-11,0,0,0
6,101,63.734320521066,68.5096783652662,1.54626887668298,0,0,0,0
6,102,66.3653729083501,69.2343733456261,2.71348160985892,0,0,0,0
6,103,66.7021922769966,69.8172979420444,2.92199173921279,0,0,0,0
6,104,77.5256307468488,77.4900456400824,2.78400001882645,1.37325151250423e-10,0,0,0
6,105,74.713379847475,76.3151523476382,2.72792002729926,3.14515080646061e-12,0,0,0
6,106,68.066846660232,69.9405980980801,2.78794586065406,0,0,0,0
6,107,64.5593789395562,67.6726692115567,2.72603781585567,0,0,0,0
6,108,72.0098796986963,71.0536682411179,3.05161205432945,1.77635683940025e-15,0,0,0
6,109,70.0296273016135,71.0514339312954,2.73744620280718,0,0,0,0
6,110,63.986522208355,63.9865221998133,1e-04,0,0,0,0
6,111,66.1092287681964,66.1501287584056,0.0907364358974944,0,0,0,0
6,112,64.9004223699677,64.7462032676371,0.477451062815277,0,0,0,0
6,113,67.3010974049616,67.0341358471729,1.42639843130828,0,0,0,0
6,114,67.8018588751147,67.2958739382733,1.17732519530779,0,0,0,0
6,115,67.9581939985258,68.0039051713777,0.960668632152874,0,0,0,0
6,116,73.5820914425126,71.6398802988528,3.49795142207878,1.06735731364438e-11,0,0,0
6,117,69.4200781393108,68.1282692903652,3.47113487919256,4.21884749357559e-15,0,0,0
7,2,70.9741816108525,74.5902807938111,3.83610025986958,4.72239689575105e-08,0,0,0
7,3,70.6607199160549,69.4185818236015,3.24728821714541,1.4432899320127e-15,0,0,0
7,4,73.9917185458584,73.0986980671621,3.26255828009753,8.33799695953985e-12,0,0,0
7,5,72.5163280510103,73.1179267762248,3.30599050879919,1.58717483600412e-11,0,0,0
7,6,73.3361644440774,74.4045778248362,3.54508797822532,2.8116170502912e-09,0,0,0
7,7,70.9819086935224,70.5028301009317,3.43027588418603,4.03121980241394e-13,0,0,0
7,8,68.6397517746121,69.0592670017928,2.93304188220736,0,0,0,0
7,9,70.8170387749707,69.7226837293725,3.31774180789674,1.0991207943789e-14,0,0,0
7,10,64.7257252762852,64.2132640418954,2.83425239781954,0,0,0,0
7,11,70.5046659905603,67.3898666439582,3.82990524800548,2.49134046725885e-13,0,0,0
7,12,68.6716489034984,68.8899620088347,3.53263296750748,6.3504757008559e-14,0,0,0
7,13,71.5402097047777,70.9171059344008,3.18195024665149,1.62092561595273e-14,0,0,0
7,14,73.9094823258856,76.2730936389448,3.20271640804753,2.21675489076034e-09,0,0,0
7,15,67.410577192161,67.3166883848942,3.45462294180298,4.44089209850063e-16,0,0,0
7,16,70.1670665109111,70.7090993805489,3.13523642880599,3.99680288865056e-15,0,0,0
7,17,68.8453547998154,70.0316385696392,3.1613064507978,1.22124532708767e-15,0,0,0
7,18,71.7124798153842,72.4929508656577,3.49781032597764,5.48712186798639e-11,0,0,0
7,19,78.8015302211472,76.008666491923,3.27934252485503,3.11079262349523e-09,0,0,0
7,20,65.476722544804,65.9693481482365,3.04563090954111,0,0,0,0
7,21,68.9259470998175,69.0221465074294,3.63840338033697,4.1089354141377e-13,0,0,0
7,22,76.7807476196037,75.5586827419758,4.22247822584452,1.92445227364946e-06,0,0,0
7,23,66.1975150124756,68.1528385164214,3.44537695491151,2.88657986402541e-15,0,0,0
7,24,65.003517792638,68.4756333036949,3.89581191756925,4.40125713652151e-12,0,0,0
7,25,56.3200000097681,59.5295792293317,2.89312957947441,0,0,0,0
7,26,69.2606495389678,63.3540437942925,3.94685790397194,4.44089209850063e-16,0,0,0
7,27,57.5818760905662,59.9201969033394,2.99757904943808,0,0,0,0
7,28,60.1119643805422,59.4212146325444,2.95382445962818,0,0,0,0
7,29,58.7331961661831,60.679645067431,3.07039940930761,0,0,0,0
7,30,57.4861597187456,59.8092518438092,2.94712898959393,0,0,0,0
7,31,58.9917791554246,57.2600949820403,2.88218385763164,0,0,0,0
7,32,56.2339732462627,57.2807639705567,3.17018120113154,0,0,0,0
7,33,75.5664570866211,68.715219956475,4.35198070764082,7.04652114436044e-10,0,0,0
7,34,66.1326527618571,68.3582531666401,3.65770432341639,1.4255263636187e-13,0,0,0
7,35,62.7864784114576,65.872534007158,3.36422402023776,0,0,0,0
7,36,58.8879420533101,56.9141559053021,2.76264541565512,0,0,0,0
7,37,60.4262141211258,59.2832307519245,3.3234954105423,0,0,0,0
7,38,56.540490645723,59.1215567796497,2.42255657329598,0,0,0,0
7,39,58.6421389391094,58.4238483315759,2.27191743200498,0,0,0,0
7,40,60.806468902232,63.6941008323951,2.37982387466767,0,0,0,0
7,41,61.4522352399148,64.5894462933398,2.72447579498309,0,0,0,0
7,42,63.4378205346666,63.5539428077271,2.63576131485128,0,0,0,0
7,43,61.2592446465912,64.2178102739469,2.89680982888967,0,0,0,0
7,44,63.6948818276698,62.2196115884491,3.27212023378402,0,0,0,0
7,45,60.8840948039735,65.3448780662933,3.04861084218029,0,0,0,0
7,46,74.247550953757,73.4143624653275,4.26790984573392,1.96172737054745e-07,0,0,0
7,47,86.0384866684741,91.1236984451414,4.21861281866887,0.175150313380873,0,1.64131099489317e-06,0
7,48,121.363537392209,119.56913013042,4.32227728447024,0.99999999283993,1,0.979345082085493,1
7,49,105.821416572729,103.317070183694,3.84958582043813,0.983979899783963,1,0.0267526716929319,0
7,50,108.188918002195,104.937501334761,4.0408860800178,0.992725652199321,1,0.0751597785117376,0
7,51,106.661333553492,107.668052826069,4.61090737184831,0.996867214258388,1,0.251943070314205,0
7,52,112.782377569195,109.428521431795,4.3214726320796,0.999556332594964,1,0.379887373994194,1
7,53,85.9734434694506,91.3170764354234,4.07937940052286,0.179183510831977,0,9.50478504568864e-07,0
7,54,82.2455753939547,85.5292689197287,4.1584195141552,0.0109282627770425,0,6.59922894108433e-10,0
7,55,76.446574009381,77.1996960739904,3.89259746041026,2.22390444926113e-06,0,0,0
7,56,75.7360277876689,72.0364271092813,4.00198283241684,4.35733604753352e-09,0,0,0
7,57,68.7495503856214,69.7925351544252,4.31207291351878,2.30586016947143e-09,0,0,0
7,58,108.376338532081,98.4653666940426,4.5445013299249,0.772913915474692,1,0.00343407983581023,0
7,59,99.3642153295606,101.905791999974,4.41025051062632,0.939592180128806,1,0.0224623519576228,0
7,60,83.5489282557545,82.8320089949413,4.1325854870503,0.0015388628703854,0,7.11442016410047e-12,0
7,61,92.7286825732713,86.2229522128057,4.13817297151811,0.0163217926195605,0,1.54254220507966e-09,0
7,62,81.3589718667938,79.7626428147133,3.89531423594784,4.28060198279789e-05,0,8.88178419700125e-16,0
7,63,83.1244607402149,80.8612553841238,4.63005998463093,0.00107933008970773,0,5.39834843493736e-11,0
7,64,68.5730311888207,63.6195058313461,3.46762870129315,0,0,0,0
7,65,67.4865861539613,59.5250094525381,3.49743789269516,0,0,0,0
7,66,72.4888181715095,63.1134857261643,3.97492990749409,4.44089209850063e-16,0,0,0
7,67,73.5885126661661,66.3282349924378,3.36675090860085,0,0,0,0
7,68,74.5434278590323,71.2042542992835,4.23301208268212,8.67368976642524e-09,0,0,0
7,69,65.5730043939123,57.9140701006817,3.4238720821036,0,0,0,0
7,70,65.3542040120602,58.6568422761907,3.01237833042048,0,0,0,0
7,71,65.4867645435442,58.675974577051,3.2298719837512,0,0,0,0
7,72,62.4653538800456,56.9580253651345,2.95687328840695,0,0,0,0
7,73,69.5827247690278,66.8690111781108,3.63365730116944,4.21884749357559e-15,0,0,0
7,74,62.6665407005802,61.7423765587188,3.05470372637163,0,0,0,0
7,75,69.1065595650405,64.6276780256451,3.0494505459052,0,0,0,0
7,76,69.6816345412037,66.6413576430687,3.12612280759775,0,0,0,0
7,77,71.4515018689123,71.1466080179452,3.42059232464902,1.35347288932053e-12,0,0,0
7,78,75.8534628100313,74.004575599014,4.51407835928406,1.54116065476106e-06,0,2.22044604925031e-16,0
7,79,58.0747003892247,60.3475408198972,2.63405596872769,0,0,0,0
7,80,58.271486436968,56.8352886967946,2.66771463623391,0,0,0,0
7,81,60.8447214722782,60.1710591387245,2.69334247263216,0,0,0,0
7,82,61.1938968681314,59.8054252497052,2.6481471798651,0,0,0,0
7,83,63.8101055427207,66.6362226299792,3.00247542894883,0,0,0,0
7,84,63.3397459596316,65.802511536381,3.00930476059923,0,0,0,0
7,85,72.1337588002388,72.7797824811122,3.77952834028728,1.8620114339285e-09,0,0,0
7,86,65.602535140592,64.8027665916371,3.37158160590579,0,0,0,0
7,87,75.1902855764685,78.3087572528505,4.31719213647798,5.20075000313147e-05,0,2.85327317328665e-14,0
8,2,69.533156301144,69.9869384120102,3.41564347409815,1.05360165036927e-13,0,0,0
8,3,67.9709671228603,64.6704033482436,3.63787208577124,0,0,0,0
8,4,64.2502826347081,63.2942934409859,3.35880028215002,0,0,0,0
8,5,65.8769272123609,62.8087033060294,3.64741415079394,0,0,0,0
8,6,67.3055869416833,65.0580787351425,3.55110125270331,0,0,0,0
8,7,69.2059745093973,64.8471003695779,3.15016476760446,0,0,0,0
8,8,69.711333647742,66.2958235961373,3.61705317694621,8.88178419700125e-16,0,0,0
8,9,72.0755006234316,68.494946738241,3.49099581446138,1.36557432028894e-14,0,0,0
8,10,71.5480816928488,68.13790889449,3.77560469992056,4.96158669704982e-13,0,0,0
8,11,73.6490387683509,71.6003099231884,3.12725551976293,3.11972669919669e-14,0,0,0
8,12,69.648078385839,67.1001012901672,3.42342482195527,1.11022302462516e-16,0,0,0
8,13,67.914876836384,65.4058078702412,2.86795704208205,0,0,0,0
8,14,71.8096938783722,69.0296474031502,3.24435119963718,5.55111512312578e-16,0,0,0
8,15,73.4532969811105,68.3715166631139,3.02407179124114,0,0,0,0
8,16,78.2837323199054,75.1459916821497,3.71417995710827,4.10005855933093e-08,0,0,0
8,17,75.6779109322023,74.4101020695742,3.28194507115111,1.55533141921183e-10,0,0,0
8,18,70.8472205448756,69.852043487742,3.14303100214238,5.55111512312578e-16,0,0,0
8,19,71.2106739469077,67.5144554327108,3.02647388030755,0,0,0,0
8,20,72.2693666282925,68.7562368261924,3.05702517268872,0,0,0,0
8,21,71.0261621735896,68.3749403981214,3.16659229207763,0,0,0,0
8,22,71.7966107525669,69.0546526601682,2.99205503138675,0,0,0,0
8,23,78.5954557643661,77.6954100977527,4.12620948760487,1.28075242475933e-05,0,5.55111512312578e-16,0
8,24,76.4805791230065,76.9481514347173,3.65191124019884,3.51335665782493e-07,0,0,0
8,25,72.2842180843308,71.6189239365144,3.83119038564136,4.69334793251619e-10,0,0,0
8,26,70.1414867587499,72.7042616106595,3.50930028237085,9.35695965154082e-11,0,0,0
8,27,69.0647941355148,69.3177595208402,3.57429644532963,2.94209101525666e-13,0,0,0
8,28,74.9972028665365,72.8406005605956,4.14010233665411,3.9847823041228e-08,0,0,0
8,29,67.0528080981258,67.257047768527,3.89671884438377,4.80504525057768e-13,0,0,0
8,30,68.9992345705461,68.1336987392575,3.84721632614567,1.28053123660266e-12,0,0,0
8,31,70.1465308562913,70.2028378175128,3.59814272272141,2.43327580307096e-12,0,0,0
8,32,71.9874348490253,71.9438121376486,4.13806266189639,1.15393811173092e-08,0,0,0
8,33,70.0428075786581,67.861522946955,3.45148461086766,1.66533453693773e-15,0,0,0
8,34,68.1637839393497,66.629375396411,3.42201140634219,0,0,0,0
8,35,79.1981879443903,79.9610703315228,4.19605279843784,0.00015953945561431,0,1.08801856413265e-13,0
8,36,78.6687510781889,77.6985580848051,3.66937756388899,1.10882357540198e-06,0,0,0
8,37,70.6671851868551,73.1576360384272,3.50539926235854,2.06154981974294e-10,0,0,0
8,38,71.2797469960088,73.5185571420896,3.47316889109275,2.76333178561572e-10,0,0,0
8,39,71.37265646255,72.0691545707439,4.2820521076136,3.93614321136937e-08,0,0,0
8,40,64.813886639251,65.8249761357734,3.09746095295232,0,0,0,0
8,41,65.1983512854819,65.4748558441669,3.12610034717532,0,0,0,0
8,42,67.9455571153325,68.8689089469954,3.17184991893506,1.11022302462516e-16,0,0,0
8,43,68.2312576384296,68.2649843109986,3.17354624823223,0,0,0,0
8,44,69.0851200129831,71.1774124621808,3.35961110812407,5.80646641878957e-13,0,0,0
8,45,68.6049863254684,71.4804451362129,3.28216751388411,3.35176331134335e-13,0,0,0
8,46,75.894307928577,75.2219087415248,4.23996481714,1.43608264790984e-06,0,0,0
8,47,73.3143968608378,74.4219581942185,3.66558137496768,8.94333940237857e-09,0,0,0
8,48,82.0126199638422,81.6392032345151,4.42414772013718,0.00120500778694144,0,2.35284014493686e-11,0
8,49,81.3928772543954,83.362948604357,3.89665420243816,0.00133744195315599,0,1.04505293307966e-12,0
8,50,85.4940636970464,85.8857541824172,4.25525188615774,0.015506705084212,0,2.56079069060888e-09,0
8,51,87.3115924116355,89.8738843279161,4.32911764878631,0.115290330569573,0,7.09776630136716e-07,0
8,52,81.1605290107729,82.5790174747145,3.78582706477649,0.000487231448565217,0,4.9960036108132e-14,0
8,53,81.2177569019408,81.3487830494648,3.86302252101059,0.000192351239472477,0,1.36557432028894e-14,0
8,54,88.5155943049281,87.4011984148139,4.51261326226008,0.044747737307343,0,1.14503911574637e-07,0
8,55,101.060507287178,99.4481183150358,4.61730975795703,0.828820841922116,1,0.00718848236094805,0
8,56,95.249011718946,99.0142569363474,4.07642244952488,0.833745400267182,1,0.00199523562833126,0
8,57,90.073032006381,93.6830803098634,4.15437566320046,0.369801365851211,0,1.9941056295214e-05,0
8,58,92.1772877443664,99.9349414842875,4.39352555350422,0.866216759769481,0,0.00691645664564555,0
8,59,89.7144271071429,91.0246547642091,4.14912230411115,0.165147389484196,0,9.96745609493921e-07,0
8,60,85.9917591312336,89.4121569610371,4.28166039975507,0.0934190357616953,0,3.12178187078516e-07,0
8,61,86.2821152131924,89.7122575615297,4.28236831923152,0.105705590750714,0,4.49325588625094e-07,0
8,62,93.8155435129817,93.7498564242001,4.04857624435212,0.372752640093328,0,1.34033751961748e-05,0
8,63,95.9803537086928,98.2523975396894,4.28210495351649,0.771745522213716,1,0.00175832832608214,0
8,64,90.1319900422358,95.5778524810128,4.35252788705597,0.546997542494971,0,0.000245327015292007,0
8,65,91.9417538309301,90.7587251627962,4.16016156813998,0.150367173018354,0,7.722482098238e-07,0
8,66,92.0499225769805,90.9897012413663,4.25330429806621,0.169058484308371,0,1.69337276112458e-06,0
8,67,89.106415689832,90.6495561161922,4.43182419561989,0.159611011662921,0,2.87387546515916e-06,0
8,68,73.2624484092143,73.6242799133557,3.60790459843319,1.40435385542759e-09,0,0,0
8,69,73.6861742927591,72.2655222329134,3.81639423019627,1.15892839769316e-09,0,0,0
8,70,83.6348083524603,81.8767492866803,4.22758455450855,0.00090636585293058,0,4.25426360806114e-12,0
8,71,78.2338350810107,80.3130560348691,3.77047023209988,4.5728561667624e-05,0,3.33066907387547e-16,0
8,72,65.3572058252832,68.8942897334285,3.24683359674522,3.33066907387547e-16,0,0,0
8,73,65.2031722468275,64.5547606397029,2.81666462560884,0,0,0,0
8,74,65.7729705469976,65.4381290419065,3.01048110551184,0,0,0,0
8,75,68.3429418695367,69.9846568564271,3.12019174623771,4.44089209850063e-16,0,0,0
8,76,70.416628323145,70.4322268822239,3.20290613334537,7.32747196252603e-15,0,0,0
8,77,70.116247844676,71.3833463739607,2.99161249202009,1.22124532708767e-15,0,0,0
8,78,67.7314135678977,66.7287326811536,3.20715699110072,0,0,0,0
8,79,69.914764878963,70.5365899133898,3.42047815049036,3.73034936274053e-13,0,0,0
8,80,69.5436183025357,69.4749151778923,2.90528858063697,0,0,0,0
8,81,76.6664890187873,77.1924746425633,4.07455673281649,5.76991359502177e-06,0,1.11022302462516e-16,0
8,82,79.3589783908139,77.614925342547,4.40796124376944,3.77084779294989e-05,0,2.79776202205539e-14,0
8,83,66.9992673773791,68.659923447352,3.32567619087152,9.99200722162641e-16,0,0,0
8,84,70.8680548054323,68.7249553521274,2.90456132208607,0,0,0,0
8,85,72.1994952157499,70.6197239276036,3.00941875195993,2.22044604925031e-16,0,0,0
8,86,73.1297250968314,72.2016508403854,2.60100000778135,0,0,0,0
8,87,74.0539233068619,71.8215307438845,2.73350105077187,0,0,0,0
8,88,74.4399132914978,73.8290106577077,3.09792417731126,3.5766944961324e-12,0,0,0
8,89,82.8140148042719,81.2076653575941,4.01210498587059,0.000276568775399499,0,8.97060203897126e-14,0
8,90,79.7359928353649,80.6867671499863,3.73802558479169,5.99853058402822e-05,0,4.44089209850063e-16,0
8,91,83.1476455501441,85.0438111239678,4.03762210467309,0.00653817611720786,0,9.66023927517767e-11,0
9,2,73.6122949054492,75.1181637613737,3.05079958151994,3.11995984603186e-11,0,0,0
9,3,74.7865685079198,72.8410606785177,2.50393368736486,0,0,0,0
9,4,76.0304017087692,74.4192473813291,2.79913933892318,8.19344592173366e-14,0,0,0
9,5,74.5101446602636,73.2590577190314,2.77357495417962,1.88737914186277e-15,0,0,0
9,6,77.8523869306013,77.4284391208356,2.84961859821885,3.03287839287236e-10,0,0,0
9,7,74.161172571429,73.2950433074227,2.46647978661364,0,0,0,0
9,8,75.8810509421322,74.195677506028,2.67549189199029,3.10862446895044e-15,0,0,0
9,9,78.360040741899,76.9985236987819,2.73836437763095,2.09575690135466e-11,0,0,0
9,10,75.8740459857685,76.4227790326029,2.91107423465982,7.5916051223146e-11,0,0,0
9,11,77.9137540064803,75.4622593887779,2.44789556119009,5.55111512312578e-16,0,0,0
9,12,79.2845853549562,80.2550195254179,2.87982065086767,1.35700587100551e-07,0,0,0
9,13,81.114103956973,79.2921162928506,3.10503007332501,1.89281174289846e-07,0,0,0
9,14,77.8572550733328,78.8433300996241,3.01997636187948,3.91300187807531e-08,0,0,0
9,15,80.1737997516994,80.0326318316677,3.40744886914474,5.13760228815219e-06,0,0,0
9,16,73.9829235962995,74.7055697888424,2.88286963201022,8.21565038222616e-13,0,0,0
9,17,73.6896647907624,72.7951178550292,2.86381493548774,3.77475828372553e-15,0,0,0
9,18,76.7132861480837,76.1918629223752,3.42031066639523,1.71790128788984e-08,0,0,0
9,19,74.368303396895,73.9998557723862,2.602580081561,3.33066907387547e-16,0,0,0
9,20,74.8734936382329,72.1184928285547,3.13417425532907,1.23012711128467e-13,0,0,0
9,21,81.606704340181,78.2721776007307,2.99779598462678,1.06338789995775e-08,0,0,0
9,22,85.3621739262955,84.5670980996646,3.61211262209072,0.0018303875679484,0,2.1049828546893e-13,0
9,23,83.2558091387409,80.3784444660054,3.45959593845156,1.0936995466504e-05,0,0,0
9,24,76.4869734170616,78.1132778466845,3.07229766274947,1.72173538759424e-08,0,0,0
9,25,78.0414554827906,78.2548754416952,2.8210912026001,1.2740273280798e-09,0,0,0
9,26,87.4526980103337,87.4933995886444,3.72643674027142,0.0210987003389846,0,2.17452500450577e-10,0
9,27,91.5884459248443,91.4750796322789,3.47107939713157,0.150586008507427,0,1.404172089714e-08,0
9,28,93.2426025578663,94.2676248284228,3.99475918095477,0.421001390935877,0,1.84578607960173e-05,0
9,29,86.6237358687225,89.0403453590546,3.62588554090449,0.0483299124283073,0,1.06619257866924e-09,0
9,30,82.7731762641578,82.4533401884211,3.2087093566737,4.24541310951598e-05,0,0,0
9,31,91.8378484500401,88.9794023982001,4.00163568174549,0.0641920493527606,0,2.65795871978725e-08,0
9,32,90.7402421239276,91.0968516020171,3.69109810994427,0.141240288376405,0,5.06288938550981e-08,0
9,33,84.3391515952441,83.3945035861566,3.35350201039192,0.000250924927058138,0,2.22044604925031e-16,0
9,34,79.814581301484,79.4054465846765,3.35091019025195,1.48489330997759e-06,0,0,0
9,35,80.5328503264632,80.3467960090735,3.55967148930778,1.77939905459112e-05,0,0,0
9,36,83.6576182523146,83.5140498934329,3.63972823630699,0.000753647679474168,0,3.63042929052426e-14,0
9,37,77.2546242916679,78.9744740716875,3.31088060013863,5.88223380337816e-07,0,0,0
9,38,79.5645328048665,78.3917255127371,3.3691642154018,3.7400928132314e-07,0,0,0
9,39,74.7243437326283,73.3515381563836,3.51472395073962,3.255266056712e-10,0,0,0
9,40,76.1635292602195,75.4350273492081,3.2065731038317,4.63633353930959e-10,0,0,0
9,41,76.1874832572466,76.151128048253,3.23032076172305,2.38836905808171e-09,0,0,0
9,42,79.936109844694,79.3330677636567,3.52542701101554,4.05783449319852e-06,0,0,0
9,43,82.8345839142476,82.137251422111,4.1306268732701,0.000875620427000401,0,2.14994688718662e-12,0
9,44,73.0684593558352,72.2969908559563,2.67429528537156,0,0,0,0
9,45,74.4237210058676,72.8577477499285,2.93432682129926,1.89848137210902e-14,0,0,0
9,46,81.0822100790699,79.9928061978021,3.66489722534807,1.95880791793446e-05,0,0,0
9,47,84.2791343332254,81.3499698887859,3.41486592931288,2.96030802189318e-05,0,0,0
9,48,83.1602777565262,80.1869591437356,3.45068359664453,8.11468305039753e-06,0,0,0
9,49,75.4718225960284,75.9751628734772,3.20450279075833,1.28571997493054e-09,0,0,0
9,50,80.1514616796202,80.4052229210675,3.72518448884172,4.15943661834506e-05,0,2.22044604925031e-16,0
9,51,74.2019793526411,73.1082842947679,2.5591363482741,0,0,0,0
9,52,76.9251919815117,77.4674709134278,2.90627496337898,7.03675229196676e-10,0,0,0
9,53,72.9878171297155,72.2514891886169,2.89402987647507,1.55431223447522e-15,0,0,0
9,54,78.8983227438503,79.0967465199545,3.18456689384303,2.66661114189937e-07,0,0,0
9,55,73.0176617785242,72.0159249144277,2.83467338602737,2.22044604925031e-16,0,0,0
9,56,71.8808241596024,70.1477683943571,2.45178160900873,0,0,0,0
9,57,73.5810249825339,70.5370986757374,2.61088573551205,0,0,0,0
9,58,81.2547128170277,78.5284813723121,3.95367437914793,1.44291305083089e-05,0,2.22044604925031e-16,0
9,59,80.6739318419527,81.5257810819044,3.50868692790947,5.70518499279915e-05,0,0,0
9,60,70.1524136933879,69.5982401905274,2.0998130079262,0,0,0,0
9,61,68.9676078666526,67.4639019426808,2.21312455403589,0,0,0,0
9,62,71.9449565722591,70.3168325439161,2.33695472235651,0,0,0,0
9,63,71.989575308436,73.2496362065736,2.55307250995769,0,0,0,0
9,64,73.9973423716676,75.8109053188792,2.58954819946938,5.22915044598449e-14,0,0,0
9,65,70.3340952243742,74.3042983834146,2.68025145727265,4.77395900588817e-15,0,0,0
9,66,81.6291951457377,79.6806598748218,3.64672629899586,1.23036068455651e-05,0,0,0
9,67,87.4623423246408,89.2152268302969,3.72895913668726,0.0583881769330357,0,3.84789455853962e-09,0
9,68,90.9552574317955,94.6637345183006,4.02733703711883,0.460424366985155,0,3.24496399416452e-05,0
9,69,82.677872283345,86.9576968743024,3.37479757733733,0.00815319185405061,0,8.94728735545414e-13,0
9,70,83.6579092055043,86.7624584042388,3.14162257743435,0.00411593164699176,0,1.12132525487141e-14,0
9,71,85.3303843575691,92.3773784605661,3.07750204445727,0.191342893307478,0,1.18659648773445e-09,0
9,72,87.678366572715,92.8298728082043,3.17144795779545,0.24058510199512,0,8.00221444663407e-09,0
9,73,87.6709685471778,92.4302594416306,3.34465178378659,0.215517638129692,0,2.15930167080103e-08,0
9,74,87.0206501449387,89.5674189776567,3.33283357139641,0.0495539046577034,0,1.03736241818808e-10,0
9,75,90.3476274062991,88.0770870677658,4.03435804083318,0.0416519136193374,0,9.55133416802312e-09,0
9,76,75.5185990446981,74.6552898570979,2.97315112562852,3.34077210339956e-12,0,0,0
9,77,72.0044146069582,72.7978365072162,3.41606751678986,3.56153995184627e-11,0,0,0
9,78,74.7460338547509,75.1574245876551,3.47518948585539,5.07591468856816e-09,0,0,0
9,79,76.7991853566202,72.2925551377312,3.57157973552685,9.10590491898233e-11,0,0,0
9,80,72.0453258124219,74.9660245041137,2.45345155686977,1.11022302462516e-16,0,0,0
9,81,72.4534057931662,69.4751851661728,1.58377881060716,0,0,0,0
9,82,73.00653714072,73.1892484241599,1.40756615352346,0,0,0,0
9,83,74.3924077899739,73.8646775405003,1.7534026805914,0,0,0,0
9,84,71.8654285461755,71.4512974194673,1.93989376958132,0,0,0,0
9,85,72.5268301229897,69.6178110148035,2.66068006683386,0,0,0,0
9,86,73.9165507982247,71.0903712499289,3.99999770885141,1.02756858577635e-09,0,0,0
9,87,80.5915301315098,79.8648337154469,4.10753889245247,0.000107677571304698,0,2.75335310107039e-14,0
10,2,91.9190301791475,93.3361172797489,3.91815980415348,0.329617235764278,0,4.40718885108549e-06,0
10,3,94.4980361717392,99.9116183031891,3.80012365325802,0.898964135282716,0,0.00217161552634559,0
10,4,101.125415764949,107.157011808019,3.73462003996976,0.999398373324883,1,0.168010656313908,0
10,5,100.011175861886,98.9988061387729,3.91832219640237,0.842366111903156,1,0.0013542546010592,0
10,6,96.0243767959929,97.9965991743396,3.3553914954927,0.808947160434133,1,7.21013570474938e-05,0
10,7,101.928933740003,106.042805945961,3.82238774441589,0.99796227087532,1,0.109075283904993,0
10,8,106.127662455852,110.789077844655,3.71607588309431,0.999988401336752,1,0.504203032035944,0
10,9,98.9162678341672,103.502297783179,4.21806588522193,0.977278735437629,1,0.0428768710987441,0
10,10,102.9479412596,104.062912848234,3.83585743760204,0.990512488906009,1,0.0406414430849397,0
10,11,98.4628299044744,98.2120657097992,3.85968546480537,0.792650104650896,1,0.000580248977719799,0
10,12,103.919799194204,105.597896280798,3.81799848465813,0.997101372803101,1,0.0886032853198769,0
10,13,100.115717921326,102.000053065945,3.91055844455343,0.961943311014124,1,0.0126268476403019,0
10,14,94.667878027833,96.5200139267601,3.77503126115337,0.650147910589549,0,8.17933253242087e-05,0
10,15,99.7915172796149,99.2967436371773,3.60209645951993,0.880023230902983,1,0.00073742267889243,0
10,16,95.5743256265552,97.3078392410987,3.81838318243691,0.721621374904119,1,0.000215479872690438,0
10,17,90.7809735061995,89.7726339309719,3.88227076810225,0.086451787085004,0,3.27026555835275e-08,0
10,18,96.3557164386212,100.114680995947,3.75083674116463,0.910940930031393,1,0.00228818187359703,0
10,19,103.446620113071,104.339332716906,3.66980196151781,0.994256103136422,1,0.0403316719951707,0
10,20,96.6775961953039,94.6701221442797,3.78100707534748,0.45852562853162,1,1.0556483904911e-05,0
10,21,99.7521392150797,100.42205232465,3.56122956828966,0.933783521265512,1,0.00186529761739329,0
10,22,97.3796364889061,96.9529881343581,4.01893672879389,0.680838343072582,1,0.000298490578063859,0
10,23,82.1225508241695,83.3214991167696,3.66253095804404,0.000672755317792539,0,3.47499806707674e-14,0
10,24,79.9130638119614,80.0422806453328,3.70630651761052,2.52834180740624e-05,0,1.11022302462516e-16,0
10,25,75.3927759458964,73.4576009133984,3.24224469149608,1.33240085631314e-11,0,0,0
10,26,80.1503878047203,81.1219113595638,4.02304214979257,0.000264587649590364,0,8.88178419700125e-14,0
10,27,74.2813307058735,76.200664878179,4.45088034533342,1.12713217614857e-05,0,4.21884749357559e-15,0
10,28,70.7715208693819,66.1969989937292,2.99245620345937,0,0,0,0
10,29,77.1943521368192,74.7446441663146,3.0615562929752,1.60166324647548e-11,0,0,0
10,30,79.2651517647027,76.0192057239343,3.45136630739501,1.71421484784773e-08,0,0,0
10,31,76.968496337497,75.2487943375851,3.12470136098175,1.13811626789584e-10,0,0,0
10,32,77.138817945983,74.1226745127226,3.51405717625491,1.26679289280673e-09,0,0,0
10,33,79.0404532695434,78.964332253497,3.62649207184325,4.50975913091067e-06,0,0,0
10,34,85.0337355062179,87.3002302950224,4.09151100265836,0.0288803914746262,0,4.98305197105253e-09,0
10,35,83.5449997356584,85.3017086021587,3.83983064044109,0.00550546182877998,0,1.70787828324137e-11,0
10,36,76.3422063629135,77.6026813574866,3.26408177328801,4.40970840953625e-08,0,0,0
10,37,85.376358596527,86.1396511841603,3.84422943318672,0.0101307804554017,0,7.67402807966278e-11,0
10,38,75.2744555822979,76.3956127473645,3.456038098884,3.30159531936047e-08,0,0,0
10,39,74.8446246125903,71.7287977457819,3.03118791763124,6.88338275267597e-15,0,0,0
10,40,75.6447685774339,72.5424675661243,2.96115627862136,1.4210854715202e-14,0,0,0
10,41,75.1044002957912,72.4437155779972,3.07428063399652,9.34807786734382e-14,0,0,0
10,42,75.8982072489388,76.3832408662956,3.29927358656826,7.4785411197098e-09,0,0,0
10,43,76.9946933249038,74.9562954881308,3.14410799126194,8.00994826022361e-11,0,0,0
10,44,77.8193562057604,74.9419765291387,3.03267715710792,1.62208024789834e-11,0,0,0
10,45,81.9730387404888,82.984685935135,3.70175373732347,0.00055098686806665,0,3.17523785042795e-14,0
10,46,82.7614333915486,83.303174406684,3.13340731782157,8.72478400558707e-05,0,0,0
10,47,88.4729418986805,89.410667411726,4.01129327014428,0.0793685785396464,0,5.19420251254843e-08,0
10,48,98.8009354310552,98.8553699637807,4.41355858395717,0.804843092742654,1,0.0035193925861986,0
10,49,117.665805070956,117.718821743844,4.86609195493966,0.999998385346042,1,0.923947243874838,1
10,50,123.130189441626,117.849569605597,4.16774107387644,0.999999977133377,1,0.955760399289929,1
10,51,114.899446296511,114.541282285853,4.05836093091198,0.999999203973738,1,0.824901848048826,1
10,52,110.279788747351,107.095857419035,3.92662130825989,0.998908730496293,1,0.176033194685701,0
10,53,115.67073359036,114.805790998473,4.71272821367572,0.999985994124079,1,0.805276095165052,1
10,54,129.385176528066,122.752723829562,4.38959488569871,0.999999999858512,1,0.996875056131383,1
10,55,115.006859220665,117.13138652779,4.29589048772868,0.999999860331933,1,0.931291656519459,1
10,56,110.58471499747,109.279252162788,4.11014458768366,0.999728503827057,1,0.360240601671727,0
10,57,105.36894615617,105.636771104561,4.26798725591478,0.993380000834849,1,0.115453638017519,0
10,58,106.567673855335,105.312390500066,4.13314110139783,0.993423259331436,1,0.0941551541045635,0
10,59,98.9152717361237,101.384335225072,4.11521368591043,0.937714641396576,1,0.0114276229642362,0
10,60,102.348374268463,103.638559531012,4.25212454226782,0.97812909935961,1,0.0472200941969739,0
10,61,115.314568202043,108.887478479482,4.17557430628491,0.999534484297726,1,0.327786339676884,1
10,62,108.56597136949,103.646815490881,3.92675490000509,0.985583063086757,1,0.0352331871076179,0
10,63,105.070166859406,105.399132417461,4.01664051795612,0.9949604147178,1,0.0914043657919668,0
10,64,100.672901638921,95.0423847552903,3.87689509089056,0.497785057801954,1,2.54367078634798e-05,0
10,65,100.91111413473,100.800204250904,4.06192053413461,0.92105629110776,1,0.00715250063707329,0
10,66,94.8697196408524,99.1395302791259,4.69307388387297,0.807421362199799,0,0.00668155448439078,0
10,67,80.6813658845585,82.9166556700192,4.30261021348634,0.00237713011680185,0,4.93506346899153e-11,0
10,68,83.6086926232728,83.8036488851442,3.96309811512714,0.00224666125367001,0,5.25657295469273e-12,0
10,69,81.7955227999072,81.114593681779,3.76819493525915,0.000107013951023083,0,1.88737914186277e-15,0
10,70,85.8765560120439,85.7919132030985,4.09336352826343,0.0117523830610964,0,5.39747357919396e-10,0
10,71,87.738557414326,85.5153199079513,3.69995632490058,0.0049295777029893,0,4.54425386209323e-12,0
10,72,96.5776138715643,94.5359919594698,4.1707645916899,0.449638103766432,1,5.06366274954928e-05,0
10,73,93.583782205674,94.6218448979234,3.71890380642925,0.452689330764423,0,7.22913600426089e-06,0
10,74,89.435809437304,91.7107320352297,4.08028071893526,0.205595171575947,0,1.53449182282994e-06,0
10,75,89.8559149303105,87.8671913183146,3.56876398938038,0.0218693864431462,0,7.18350934292289e-11,0
10,76,91.1100216788813,92.9842920597031,3.51264839350765,0.276912939150633,0,2.12262610377323e-07,0
10,77,93.3466654939091,93.7852521987516,3.66343867612413,0.363532642644254,0,1.82122367120563e-06,0
10,78,95.7803905124147,96.1590456270127,3.47827434417831,0.623562381794875,1,1.36518861962864e-05,0
10,79,95.3593178564352,97.8186451333454,3.70892589474855,0.7711778326842,1,0.000244665224781837,0
10,80,96.219470506652,95.6678199292123,3.84929206595593,0.562333714220027,1,4.4615443730911e-05,0
10,81,93.2048118741126,94.2965725778984,4.04929303366418,0.424850872161682,0,2.4195432345997e-05,0
10,82,103.565178822166,99.5109046314719,4.13796254158706,0.858741504555277,1,0.00330303455774394,0
10,83,76.8896851827261,80.0658478466403,3.47457037207181,7.92532144189284e-06,0,0,0
10,84,76.5732365658424,72.5317540676693,3.13249525839599,3.1685765122802e-13,0,0,0
10,85,76.5778237262748,73.4321127623461,2.91528474404162,5.85087533977457e-14,0,0,0
10,86,78.3769827300991,73.4129635291699,2.88831385935005,3.28626015289046e-14,0,0,0
10,87,79.8658046169489,78.0751724785009,2.87316345434546,1.68064984151783e-09,0,0,0
10,88,74.6997616757636,73.2256727196583,2.79878357173735,2.99760216648792e-15,0,0,0
10,89,81.1776683664295,79.2734859625171,3.19727986007644,3.93214412475196e-07,0,0,0
10,90,85.7638950892689,87.5004290415172,3.95357375854113,0.0278692684251259,0,2.04356076505263e-09,0
10,91,79.813917984568,80.7464637492806,3.84911343819412,9.97401856660529e-05,0,3.21964677141295e-15,0
11,2,77.0279427644033,77.7751158558636,3.89906318923246,4.62311871418652e-06,0,0,0
11,3,70.4893022115272,70.1750229970444,3.26631111921639,1.26565424807268e-14,0,0,0
11,4,75.5775144437081,74.2365942253273,3.4974606178163,1.30050159530271e-09,0,0,0
11,5,73.5921939002695,73.8243870201306,3.46592302737631,4.44673742272528e-10,0,0,0
11,6,79.7704438865068,76.1976567598237,3.48401588651883,3.06292777807471e-08,0,0,0
11,7,76.178100127595,76.4482032542297,3.48344389572783,4.5445668450661e-08,0,0,0
11,8,78.6777590962568,75.920941410772,3.44903532159781,1.42640189659815e-08,0,0,0
11,9,75.9996149821319,75.4386149267736,3.48012945245272,8.53998305405668e-09,0,0,0
11,10,74.0096699054123,72.4627454519599,3.14154889268572,3.13971071363994e-13,0,0,0
11,11,72.0741621088047,73.5892890518926,3.43715630764224,2.08154382619341e-10,0,0,0
11,12,72.6544720413328,72.0077367013822,3.30177287000077,1.4450662888521e-12,0,0,0
11,13,75.032223857465,73.3491045258984,3.56434700846656,5.56759083281122e-10,0,0,0
11,14,73.8753272242867,71.1691084950934,3.39309693485151,9.46243083888021e-13,0,0,0
11,15,73.3100602625127,72.178118429304,3.26456734010336,1.18849374786123e-12,0,0,0
11,16,72.7592160692295,70.451553847697,3.47796482465454,7.38409333678192e-13,0,0,0
11,17,71.3592279901976,71.089936695608,3.52914766525548,5.48616707618521e-12,0,0,0
11,18,78.115798459453,74.2293914903526,3.47295853613977,9.92259829857289e-10,0,0,0
11,19,70.5880960184207,70.0182222989075,3.30283888990385,1.68753899743024e-14,0,0,0
11,20,73.4338635380485,72.0931545470949,3.71987866016316,3.30533600489957e-10,0,0,0
11,21,72.4605979199165,70.8919862782695,3.6895084344877,2.84753332024934e-11,0,0,0
11,22,80.3983715450123,78.4993783274524,4.18054919017577,3.71177809668222e-05,0,6.10622663543836e-15,0
11,23,86.8686627348428,84.0597008018035,3.66243858548424,0.00132959701633628,0,1.57762691799235e-13,0
11,24,77.0910295576002,80.7504727934198,4.14301332221928,0.000275312550257478,0,2.22710738739806e-13,0
11,25,72.4444882693519,71.6819350490571,3.50133506429223,1.21098686634014e-11,0,0,0
11,26,82.4733729783819,79.9943104397472,4.24333302275864,0.000191623609508751,0,2.11497486191092e-13,0
11,27,92.1661059064869,91.3647909377191,3.98853521973568,0.176849619065381,0,5.86293924964565e-07,0
11,28,102.583640682665,104.733366606353,4.25422871607664,0.988484042724637,1,0.0786436674146119,0
11,29,105.687542241396,103.423425632928,3.7610653279692,0.986880153779441,1,0.0257083447365005,0
11,30,110.89768336855,109.836308678889,3.96255387024527,0.999903497148697,1,0.408827192443693,1
11,31,115.867745541281,116.920580631129,4.0784603584008,0.999999958169543,1,0.934858410457205,1
11,32,127.519299345728,131.06318810095,4.89971176644392,0.999999999999899,1,0.999983069083894,1
11,33,131.032341769144,131.323724937719,4.4908087895707,1,1,0.999997689665804,1
11,34,127.451183078274,124.723688153739,4.09220829437711,0.999999999999788,1,0.999680766542888,1
11,35,127.361326791753,126.300735505775,4.21821579321625,0.999999999999934,1,0.999886357993104,1
11,36,123.271356069828,122.029483107426,4.29138746887855,0.999999999834642,1,0.995710837729546,1
11,37,119.078501772992,121.254363468073,4.30592720401915,0.999999999408087,1,0.99264680094825,1
11,38,116.688268009167,118.782547943928,4.3113832946535,0.999999981160495,1,0.968777256459055,1
11,39,125.434638859441,125.081350595838,4.48662848977597,0.999999999988874,1,0.999299032642393,1
11,40,129.1711068489,125.504041262387,4.22128411112772,0.999999999999723,1,0.999763121952704,1
11,41,125.40066736401,123.119884188741,4.15305300997768,0.999999999992883,1,0.998551786319791,1
11,42,120.537551440551,119.899215091406,4.12526419899155,0.9999999991295,1,0.986718058250764,1
11,43,123.178977726191,120.27279494377,4.17875748740038,0.999999999193423,1,0.988662768220986,1
11,44,118.373694226983,120.752483503629,4.29492843405268,0.999999998892102,1,0.990068422818868,1
11,45,98.0664888449373,99.0381564769158,3.58636416216579,0.866102533395521,1,0.000546087219920222,0
11,46,99.0947829375164,96.2426166925472,3.63607043201513,0.627095563504859,1,3.30600640376932e-05,0
11,47,101.428754917924,100.476603513692,4.40311275599876,0.890518090780234,1,0.00981894198390842,0
11,48,107.244411827269,102.165301787416,3.94450757842538,0.964095265201136,1,0.0147645897605768,0
11,49,98.6517922310838,98.8129988287389,4.23079858482601,0.812229555797536,1,0.00239045815733685,0
11,50,88.417506874303,87.7987776397754,3.77542023238192,0.0271569899465522,0,6.04302941020762e-10,0
11,51,86.9475760667511,86.8799306282295,3.88921116626398,0.017677131048903,0,4.19176582333591e-10,0
11,52,92.0924093717542,91.39503881273,3.84917387185743,0.170255021471129,0,2.47394533192669e-07,0
11,53,88.3686233877297,88.4482850592474,3.63034018617419,0.0342035788917536,0,4.04562161548938e-10,0
11,54,89.9363993809369,89.041263170533,3.88227176950908,0.0604124921368869,0,1.12401120633265e-08,0
11,55,92.3883299978617,93.4142873398718,3.8356584699467,0.333570412276115,0,3.09783931751184e-06,0
11,56,88.7186116739986,88.6131499555981,3.59246515879331,0.0362762175518065,0,3.59155261087096e-10,0
11,57,87.1558985481232,85.3387364284095,3.61114393568937,0.00353954762087705,0,9.82991466003114e-13,0
11,58,87.521910812015,87.2315550531435,3.88476874300143,0.0218910973837459,0,7.06483871404373e-10,0
11,59,85.1302727911835,85.1541850266385,3.7948797098987,0.00450939740895107,0,7.66142704833328e-12,0
11,60,84.4241802336526,81.1321212540501,3.86079987851188,0.000153972129848357,0,8.54871728961371e-15,0
11,61,79.3403834321978,77.5042757600448,3.34085871024421,7.36015194346962e-08,0,0,0
11,62,84.2078336490765,83.3730879390646,3.39055572163508,0.000282319837196843,0,3.33066907387547e-16,0
11,63,86.2986392628333,83.8893010672099,3.54078794006552,0.000799835897351442,0,1.65423230669148e-14,0
11,64,83.0001590270867,84.2183284934964,3.43889533733615,0.000805803136357364,0,5.99520433297585e-15,0
11,65,84.8466577116063,87.2842260623263,3.72180148224684,0.0182954075826514,0,1.44161349524552e-10,0
11,66,85.0836852159059,88.9223224823671,3.71301954241021,0.0490568419882765,0,2.06792150070356e-09,0
11,67,90.3066505449632,90.7287190773731,3.81465147227717,0.127882506887622,0,7.66703058818763e-08,0
11,68,85.3455931746987,87.7176060400721,3.77669519513239,0.0258774310970349,0,5.35213540153734e-10,0
11,69,79.4474008001143,80.5587508132274,4.04278613845834,0.000166668719519314,0,4.07451850037432e-14,0
11,70,73.7131113588041,71.5332961627164,3.55252226187088,1.75235381760785e-11,0,0,0
11,71,73.1044514450459,70.1993511762659,3.51398996815057,7.42517158869305e-13,0,0,0
11,72,76.926381255774,74.4270675459093,3.83229324576251,3.62253271823931e-08,0,0,0
11,73,78.8222712368272,78.0424861367831,3.9833069286927,9.63484890703636e-06,0,1.11022302462516e-16,0
11,74,68.694768881928,68.2512515343992,3.87840126728517,2.3671065108033e-12,0,0,0
11,75,77.2077952360447,71.3405804594699,3.81468803221197,2.50256815270689e-10,0,0,0
11,76,92.1290025682619,88.6111761089599,3.94333125055024,0.0508814990290799,0,9.8722344743507e-09,0
11,77,89.022974492549,89.509605579515,3.99467821916916,0.0821997971719267,0,5.27012992135312e-08,0
11,78,82.4535688504567,83.1833858179987,3.52723038579296,0.000378262081012326,0,2.77555756156289e-15,0
11,79,81.1796182927084,84.2574561723021,4.24565321362013,0.00545922309023272,0,2.18919105066107e-10,0
11,80,85.7565296397894,90.4573554078831,4.01690590652299,0.125733872085168,0,2.18842634125416e-07,0
11,81,85.8195746511596,87.5176554930134,4.10658482822573,0.0330607965091254,0,7.68767405290305e-09,0
11,82,87.6535412295363,88.3317945266465,3.72971147850688,0.035537639229924,0,9.23688125986644e-10,0
11,83,90.7360307589097,92.9218646056115,3.84072297576031,0.2885180742649,0,1.72651300378579e-06,0
11,84,87.8034450775025,89.3352728305468,3.93601160748164,0.0727734647854791,0,2.65359828555134e-08,0
11,85,84.8636510585218,88.4295753094145,3.85581372904616,0.0426612194650881,0,3.54555484971542e-09,0
11,86,87.0947272675562,90.4327258943536,4.26890490178165,0.138990823375202,0,9.71100299507199e-07,0
11,87,94.9405080704656,98.6353632826505,4.4421132399168,0.789301168477046,0,0.0031936455448659,0
13,2,88.3022891747012,88.9100181033389,4.05877497769748,0.0647351163306371,0,3.70548337569332e-08,0
13,3,85.4605857701334,84.5816696072321,4.03112964119073,0.00465679987088452,0,4.24804635912324e-11,0
13,4,86.3450046625671,83.4349277115554,4.14728639915101,0.00252366270195636,0,2.25561791467044e-11,0
13,5,88.413422486524,92.0018502970752,4.12038647677018,0.228695874573373,0,2.68131257097348e-06,0
13,6,84.5135098030979,84.7888865933357,3.80584097984852,0.003469021680085,0,4.50894876991015e-12,0
13,7,89.0315117477482,86.2655828287875,4.08376520611505,0.0156018859624802,0,1.01410357888909e-09,0
13,8,90.0024640137822,91.2023937541982,4.02406422150222,0.168626798840987,0,5.93907910628744e-07,0
13,9,91.2114451302512,92.3507213038326,3.98195828606898,0.247818596326023,0,1.9127682422404e-06,0
13,10,83.4567051341584,84.3972955363981,3.82351484180783,0.00263751557717262,0,2.74580358450294e-12,0
13,11,86.3509967135833,84.8505602282903,3.73301830559369,0.00311002920766068,0,1.98963068243074e-12,0
13,12,83.2269182603403,85.4963694502144,3.78848309987661,0.00577787817799569,0,1.31545885295736e-11,0
13,13,88.5263893476911,89.8070689662335,3.92887774756119,0.0904481297244301,0,4.8973094357585e-08,0
13,14,85.9625024059501,86.2038126669241,3.9546829670262,0.0125322769513122,0,2.70290123616235e-10,0
13,15,86.0411076071796,87.0353164804645,4.11349291391715,0.025482744556048,0,4.08098865811723e-09,0
13,16,86.4653630941164,87.3585692596597,3.9978579433766,0.0269669421377474,0,2.44353337564007e-09,0
13,17,88.3646056374101,86.3015548608709,4.01911292040817,0.0146223828224965,0,5.89672977113764e-10,0
13,18,84.707288472261,87.0748344394291,4.15831701491673,0.0273514846948525,0,6.22556695084597e-09,0
13,19,89.6393786811092,88.0285065250177,4.06319489440701,0.0416817281001798,0,1.1222895945906e-08,0
13,20,89.1480376638001,92.8095558697486,4.05313034901356,0.289036853752456,0,4.79315956325443e-06,0
13,21,85.7795721667238,84.7417365206141,3.73016618722657,0.00282687001253668,0,1.55797597045648e-12,0
13,22,89.2946404535892,91.0586240462131,4.19290040524259,0.169724595697532,0,1.32429683430413e-06,0
13,23,85.4363856480953,85.0149705248826,3.66409564914075,0.00304827555916298,0,1.08146824828736e-12,0
13,24,82.0687662437149,82.495632128416,3.86471940167382,0.000572870628048228,0,1.32782673745169e-13,0
13,25,85.1364244392649,84.2339139865997,3.46786374731198,0.000895214100958719,0,1.0325074129014e-14,0
13,26,84.3780202061608,83.5357246679031,3.71017631238625,0.000944407428830063,0,1.10800257857591e-13,0
13,27,85.8862956726724,85.6345564724186,4.39585636564785,0.0159742305180276,0,5.53642309775171e-09,0
13,28,83.4001808544874,85.5026310992772,4.25132598664139,0.0122559016937042,0,1.43656664342018e-09,0
13,29,87.2196631424226,87.6311171549364,3.99489299965672,0.0314022092589543,0,3.58078855455801e-09,0
13,30,87.8820246263249,86.3189204084508,3.86250879393755,0.0117849141535213,0,1.26480936835094e-10,0
13,31,88.3191816808375,87.115119969153,3.76723644293555,0.0174300849106388,0,1.76194947520969e-10,0
13,32,83.4205551413984,82.9405013785435,4.03642027326915,0.00133444616641554,0,2.79698486593816e-12,0
13,33,86.9272918140057,83.4506512956082,3.97923687075585,0.00175880432175102,0,3.43269856983852e-12,0
13,34,85.4582377504553,84.2119285147887,4.17900329480682,0.00470501418195768,0,1.07435393914557e-10,0
13,35,87.2273891339576,84.8476049339458,4.04461884670748,0.00577010871877948,0,7.56076312669052e-11,0
13,36,83.1412075641081,82.7287734062572,4.03854869459146,0.00112774860126708,0,1.98252525507314e-12,0
13,37,81.7248978738938,79.8874460170284,3.76258684077019,2.74739299386262e-05,0,1.11022302462516e-16,0
13,38,83.5146867146044,82.1082426274044,3.62002523951746,0.000172529280502709,0,1.22124532708767e-15,0
13,39,85.1371513034168,84.1750660742643,4.23349327995166,0.00505461421177811,0,1.72263758813074e-10,0
13,40,79.5162686950448,79.2853042056565,3.99042438871846,3.84088908801372e-05,0,1.55431223447522e-15,0
13,41,77.2049560067093,75.1010480842305,3.40057912474663,2.17333240293272e-09,0,0,0
13,42,79.744552766694,77.6351835812299,3.39841591553609,1.46041377102613e-07,0,0,0
13,43,74.2851680105993,72.5193888608888,3.15767209242017,4.67959004879503e-13,0,0,0
13,44,77.4469764932668,80.0538605305783,3.58215219453791,1.39334648067146e-05,0,0,0
13,45,79.2184744906868,79.9291420120495,3.62606777625222,1.49728534505345e-05,0,0,0
13,46,80.617476222185,81.9092982495459,3.65180954671945,0.000157757262550073,0,1.4432899320127e-15,0
13,47,83.420789315242,81.7816836022237,3.92759613336859,0.000360102371462556,0,8.1823436914874e-14,0
13,48,84.120572593447,82.1309777377457,3.64627901505892,0.000194907466960825,0,2.1094237467878e-15,0
13,49,89.8958723406348,89.6649557883072,4.48882487282231,0.114535693186938,0,1.31867073938086e-06,0
13,50,94.7246293354773,92.5249651587148,4.06207347300769,0.26597353637842,0,3.61817620442295e-06,0
13,51,95.2551877415452,94.4791213147154,4.21214552084651,0.444790737695438,1,5.60403276884669e-05,0
13,52,89.4914206701889,87.239201637643,3.87935785579544,0.0218471769941193,0,6.7862937491725e-10,0
13,53,91.5113326313992,89.0802684496906,4.00505207358395,0.0675847658614175,0,3.14103208998162e-08,0
13,54,102.34568247403,102.545406051217,4.77570673086722,0.941392814336628,1,0.0429010497015386,0
13,55,112.569598320633,108.588729095149,4.27155343990446,0.999227918293913,1,0.306445458506593,1
13,56,117.692878259885,112.900909271472,4.27284952975555,0.999985067776002,1,0.692660947344981,1
13,57,119.987397744212,115.058467789161,4.30324258498289,0.999998311057814,1,0.841642500733939,1
13,58,113.228481733438,111.802504488685,4.2895788503389,0.999952329661137,1,0.596918983593543,1
13,59,107.532657882403,103.526724267627,4.24044262691282,0.977018804632663,1,0.0442459045931064,0
13,60,99.7676804059065,103.001370089617,4.12185324325821,0.972929195795998,1,0.0300627617244204,0
13,61,118.02397767966,117.913628914688,4.60736523120088,0.999999646424964,1,0.940007561738832,1
13,62,115.157904556187,114.057296520938,4.20948273856932,0.9999967897631,1,0.783976927826632,1
13,63,100.462012272994,100.442974736268,4.09069306207148,0.905736990089673,1,0.00587424320149943,0
13,64,100.228596988816,99.254511138345,4.34437677914891,0.832628309563436,1,0.0040719517652853,0
13,65,93.9971374717502,92.0550351479311,4.04907758664635,0.228710208957304,0,1.94594112790103e-06,0
13,66,100.012682506347,102.452078344218,4.60334959009399,0.94574814284564,1,0.0357280837907489,0
13,67,84.6028744871351,85.7265067109203,4.21933330627335,0.0134486740338253,0,1.50862178305289e-09,0
13,68,81.7009978013817,80.4641035930085,3.46976217546349,1.28977110813722e-05,0,0,0
13,69,82.4911886614219,80.7016306620316,3.3695127375155,1.01112400786585e-05,0,0,0
13,70,82.2671184095635,81.0748750669591,3.86981389558561,0.000150225163489615,0,8.65973959207622e-15,0
13,71,89.0210368885924,85.0362556704343,4.16053754555251,0.00797227610649032,0,3.19753112876242e-10,0
13,72,85.3198386651532,83.2479885476863,4.32133217537339,0.0031254279808075,0,9.81379422171358e-11,0
13,73,82.3725119048362,82.2797654346489,4.39811011772162,0.00182610764696756,0,4.79516426565851e-11,0
13,74,77.6020669516896,74.3202360346723,3.71313428357465,1.15801103151014e-08,0,0,0
13,75,76.1114015238209,75.9197130504351,3.8092406973764,2.50766982623496e-07,0,0,0
13,76,78.2301441089309,77.9547801686094,4.23198129063669,2.64063277499726e-05,0,4.66293670342566e-15,0
13,77,76.5896863801552,74.9459700575725,4.05579552299906,3.51932274877953e-07,0,0,0
13,78,78.7269959928277,76.2481045059194,3.76199667024011,2.84359758961905e-07,0,0,0
13,79,76.3649486649606,75.3674518243697,3.18214148929241,3.01420222115212e-10,0,0,0
13,80,77.2273040874576,74.8681105072332,3.98625768911019,2.02752031497333e-07,0,0,0
13,81,77.9343706853132,76.217185063606,3.61885726486305,9.54838514921619e-08,0,0,0
13,82,81.2102902041246,83.6373846893994,4.36422337779356,0.00441940708695199,0,2.60815369301781e-10,0
13,83,82.5924999173485,79.2885534965021,4.18955788548787,8.31417478802665e-05,0,2.96429547574917e-14,0
13,84,76.7812355180044,81.1809189616001,4.02126723682366,0.000277819999025097,0,9.68114477473137e-14,0
13,85,75.1166081075595,84.8959280830442,3.91722416538074,0.00471977266813195,0,2.05465644498304e-11,0
13,86,77.1470815430405,81.9322427055293,3.81833705627206,0.000291819063452103,0,2.22044604925031e-14,0
13,87,73.9990393576754,74.9751333180598,3.51531754760678,5.49680756467552e-09,0,0,0
13,88,78.1467942106482,81.0140480173336,3.90077786817908,0.0001580045273879,0,1.24344978758018e-14,0
13,89,80.1528740081077,78.0797118842106,3.68943182228288,2.07752119973925e-06,0,0,0
13,90,81.015573292366,82.5019813728138,4.30913457809005,0.00177738392004878,0,2.77531331249747e-11,0
13,91,81.0192588760711,80.8125964290077,3.22635865170408,5.0005200579184e-06,0,0,0
13,92,80.0374017199095,79.0565087319845,3.90270700220431,2.0513843406289e-05,0,2.22044604925031e-16,0
14,2,68.8606274763386,71.2283038069155,3.21965921880565,6.65023591750469e-14,0,0,0
14,3,70.3656141664472,69.8474359595368,3.72391979931865,6.37323527286071e-12,0,0,0
14,4,72.7931290882608,72.1859753584122,3.39145922393305,7.611911101435e-12,0,0,0
14,5,71.9876671280233,70.4777600144474,3.22750428138572,1.28785870856518e-14,0,0,0
14,6,71.3126629581839,70.0457380449559,3.17627318665541,1.66533453693773e-15,0,0,0
14,7,74.4630635448873,72.1187843007629,3.75527793105396,4.97842322921827e-10,0,0,0
14,8,72.1504330067189,71.2710722224652,2.98562839852645,7.7715611723761e-16,0,0,0
14,9,75.2469955736667,75.9126916599318,3.76595787533442,1.83473348513985e-07,0,0,0
14,10,74.5455324679169,74.8083249366915,3.43767962879336,1.90514015674381e-09,0,0,0
14,11,72.3213495739223,74.0433158782495,3.376441762965,2.39759545550555e-10,0,0,0
14,12,69.4821957200141,69.4862095702863,3.12013267835209,1.11022302462516e-16,0,0,0
14,13,72.2828586124371,69.2137785088346,3.12574048313667,1.11022302462516e-16,0,0,0
14,14,75.2143910758302,74.7449247276558,3.66314806499532,1.45419239983013e-08,0,0,0
14,15,74.1845688544755,72.7652745514508,3.5520108466036,1.71754166444771e-10,0,0,0
14,16,78.2797618048929,78.4764395200081,3.82917078511539,7.39241201186402e-06,0,0,0
14,17,76.9189019175078,76.9271348186678,3.40005388367867,4.79672351838545e-08,0,0,0
14,18,73.1416252982778,72.972084293029,3.2142130834638,3.13959969133748e-12,0,0,0
14,19,74.318775784373,72.2366359507357,3.22547304067364,7.35522753814166e-13,0,0,0
14,20,73.6587064336161,73.6637124965301,3.5123481093872,5.54602919144997e-10,0,0,0
14,21,94.1034551785457,93.4917671749873,4.63314850957635,0.367182517731225,0,9.7684247478691e-05,0
14,22,96.0279417243051,99.8697757104796,4.38694911976003,0.863349351701327,1,0.0065669478442606,0
14,23,79.2474072383439,81.8013406213875,3.72613449664521,0.000185896000997832,0,3.99680288865056e-15,0
14,24,76.7793977845993,77.0957090436525,3.47541362373597,1.16990773291192e-07,0,0,0
14,25,75.6295321491119,74.7180655577741,3.43192200953848,1.52940116127098e-09,0,0,0
14,26,83.2811786803438,87.1778548795361,4.50115913795818,0.0398864485869347,0,8.16528237246317e-08,0
14,27,97.5474289390053,97.1078991767936,4.87024654191495,0.662643724999945,1,0.00254646935562486,0
14,28,123.100587544019,120.320452178112,4.58460730697563,0.999999981954785,1,0.981580073407527,1
14,29,109.099745866828,111.444225331411,4.21907024155587,0.999948294679609,1,0.565355634535258,0
14,30,116.893275443405,112.047314934519,4.13016075133886,0.999980391478262,1,0.623287092012181,1
14,31,130.330834538208,129.383417822908,4.48547559992481,0.99999999999999,1,0.999983677482935,1
14,32,136.632413800472,127.15283818967,4.70178269379592,0.999999999995599,1,0.999757274038933,1
14,33,135.713087500262,134.329443212562,4.57554391271043,1,1,0.99999987208361,1
14,34,127.343137338802,125.180624221112,4.3570370211267,0.999999999997614,1,0.999536914831895,1
14,35,134.824444276544,129.001828458904,4.3790749547242,0.999999999999995,1,0.999984634532392,1
14,36,135.603982020439,134.38108363854,4.63156311559264,1,1,0.999999832135333,1
14,37,123.16373080994,120.809696726459,4.50292285793251,0.999999994597166,1,0.987260219989459,1
14,38,131.854494404712,135.21593125538,4.81897270247162,1,1,0.999999808296353,1
14,39,130.928681593235,125.076794444652,4.58173592507795,0.999999999971337,1,0.999116855860548,1
14,40,124.774953672552,118.859433704975,4.31078573052992,0.999999983049725,1,0.970028539476487,1
14,41,121.749383171566,119.977328178249,4.50931566558034,0.999999983514262,1,0.979636447146137,1
14,42,112.59025994456,107.634579614572,4.15166431354434,0.998768550755431,1,0.226511402974714,1
14,43,109.678372827386,108.197210797758,4.35166333262236,0.998727737465025,1,0.278733866437897,0
14,44,114.42042095717,112.983299160671,4.51374124970803,0.99996405823275,1,0.689627264589508,1
14,45,93.3706245023785,97.0520072675398,3.85299979519041,0.697068249445435,0,0.000188895341293849,0
14,46,93.7453027186668,92.7858725905814,3.69270240144606,0.268649554949852,0,5.73023511973858e-07,0
14,47,88.909270581485,88.5387326783822,3.86144093096157,0.0455302878213316,0,4.40843528348722e-09,0
14,48,89.3215103451654,90.3694749309302,4.07631437617249,0.124735128192855,0,2.87060407111461e-07,0
14,49,107.58527232267,101.683413755064,3.85871009620893,0.956870521321459,1,0.0093962243269583,0
14,50,97.6712045027779,100.332059410295,4.12087090242855,0.899447007424374,1,0.00573450627106376,0
14,51,87.2436953705905,89.483638371531,4.14745857924372,0.0892371381090579,0,1.46770957387687e-07,0
14,52,80.635918286529,78.2395972420794,3.55303174811283,1.09420147731409e-06,0,0,0
14,53,79.1413848751532,79.2244006241324,3.15949000315572,2.67505302020687e-07,0,0,0
14,54,79.7733718268939,79.9426252203777,3.65730441784508,1.77830421249636e-05,0,0,0
14,55,85.2253837548951,83.5932233925061,3.72544033390628,0.00103843162107831,0,1.55542245749984e-13,0
14,56,84.5870177509363,83.4857843692032,3.50753358503447,0.000481823471504939,0,3.88578058618805e-15,0
14,57,80.0487767198651,79.9299079048304,3.71063011538921,2.26584351691317e-05,0,0,0
14,58,79.0071867576953,79.7101860580494,3.74269920562722,2.04520239446282e-05,0,0,0
14,59,78.4694070890294,78.3525740057568,3.77674547935724,4.82663021084129e-06,0,0,0
14,60,80.1435098675126,79.7412336912334,3.55478426277575,8.14658911341137e-06,0,0,0
14,61,82.2150099649043,83.424390033865,4.09550906394926,0.00224143254419285,0,1.26106902698098e-11,0
14,62,73.486555127403,74.5995839997249,3.15409809369437,4.34424718420701e-11,0,0,0
14,63,79.7480240723061,77.8818745763882,3.31603022774723,1.10049965140746e-07,0,0,0
14,64,75.4705039240782,75.2553689405375,3.3775296978723,2.24835416950953e-09,0,0,0
14,65,75.5398743967463,75.7833483965955,3.35670137011194,4.62598837014383e-09,0,0,0
14,66,74.7551272637689,76.2848023402109,3.42292196308968,2.05243418927026e-08,0,0,0
14,67,81.3784981701636,82.2012159790199,3.44654496670493,9.49622089913005e-05,0,1.11022302462516e-16,0
14,68,79.6076486598804,80.022535424114,3.88068802891972,5.31035476032393e-05,0,1.22124532708767e-15,0
14,69,78.5339889358502,79.1778460161723,3.75415396599982,1.16019375168142e-05,0,0,0
14,70,77.8872805120096,77.104082942764,3.47180232246833,1.15148198975845e-07,0,0,0
14,71,88.2668887682179,88.0389683518935,4.51917750379103,0.060035769512443,0,2.51110002458255e-07,0
14,72,81.7035504614458,82.2789193304835,3.93431376248047,0.00057781436646609,0,2.30038210702332e-13,0
14,73,85.3192139168851,83.1737177966475,3.8012182055473,0.000880015725334471,0,2.01505478969466e-13,0
14,74,81.4746402521016,84.2837001660681,4.1252317491499,0.00448445059036318,0,7.00911551021477e-11,0
14,75,81.618857854059,81.16939681537,3.85968413002073,0.000159164111448895,0,8.99280649946377e-15,0
14,76,82.3994223242165,86.2125145940165,3.77373881604229,0.00950017782871915,0,3.95903310135282e-11,0
14,77,84.3850638304351,86.8133106169714,3.80058255435824,0.0149702191818945,0,1.50615409033605e-10,0
14,78,84.5720789517478,84.6119961599616,4.1803624178318,0.00620544287287694,0,2.01900496321628e-10,0
14,79,90.7534571791551,91.4851442246036,4.50960521113538,0.213717871783055,0,9.68879796758859e-06,0
14,80,88.3800456537602,89.0739434193485,3.82327013936745,0.0585909234928703,0,7.16125458932737e-09,0
14,81,77.0497108700587,78.9899742814002,4.01016992104808,3.05796313679885e-05,0,1.22124532708767e-15,0
14,82,74.1604412863536,73.2517513046618,3.33715386194512,3.15600878764144e-11,0,0,0
14,83,78.234926076532,79.1192824281081,4.02328911462308,3.69940833893079e-05,0,1.88737914186277e-15,0
14,84,77.8445576916034,76.4898334722533,3.67645515099306,2.18409432761746e-07,0,0,0
14,85,77.8250894543929,74.4085769953659,3.30771149318097,2.12444062341888e-10,0,0,0
14,86,76.927256993095,74.7718480812897,3.06179392007644,1.70701230928216e-11,0,0,0
14,87,76.5506179820216,75.142290266703,3.33575848616204,1.17080167783001e-09,0,0,0
14,88,78.9211789396822,76.3927861649382,3.14987622837481,1.53721724238665e-09,0,0,0
14,89,76.4985380463526,74.390343582716,3.2583646538217,1.1138090449947e-10,0,0,0
14,90,80.9047824802794,84.1840998563181,4.07974459034975,0.00382900992667656,0,3.71673802845862e-11,0
14,91,83.8237084075101,86.4372808430882,4.22620693775487,0.0206143581756952,0,4.38811265102146e-09,0
14,92,77.8822450714219,80.4534098158286,4.02383435766165,0.000141168416119219,0,2.55351295663786e-14,0
15,2,81.9631581668656,82.6320924029719,3.77060425790567,0.000488555274307023,0,4.41868763800812e-14,0
15,3,81.895111037233,82.6693457676151,3.52029763274248,0.00021505440785341,0,7.7715611723761e-16,0
15,4,80.3769006312806,82.6017082953052,3.76106500675743,0.000460718934797821,0,3.59712259978551e-14,0
15,5,83.2231930456751,83.1739436220345,3.31310780988334,0.000166123972761389,0,0,0
15,6,82.5642013635474,85.2400211851557,3.68981683933753,0.00387890613993513,0,2.36255459640233e-12,0
15,7,84.3667610239655,83.937566482459,3.43339928374913,0.000596349898183357,0,2.88657986402541e-15,0
15,8,82.6553818083881,82.2945909246519,3.72682379430144,0.000305901189105229,0,1.12132525487141e-14,0
15,9,80.8387061518156,82.3415550236472,3.47409358548337,0.00012509546161299,0,1.11022302462516e-16,0
15,10,85.1670015578266,84.8627472701716,3.26612438190453,0.000894106130265859,0,1.11022302462516e-15,0
15,11,82.0722244337136,83.4838398946824,2.9970386610417,5.580980138431e-05,0,0,0
15,12,83.1666155463279,82.5600321759067,3.52197413545219,0.00019243509033251,0,5.55111512312578e-16,0
15,13,78.2624395931428,78.717136584529,3.21365373280451,1.82209441534908e-07,0,0,0
15,14,81.0961525807682,80.9717807756477,3.79581031656209,0.000102591485090064,0,2.1094237467878e-15,0
15,15,84.6469278564295,82.5678673514445,3.46548401122025,0.00015556180567966,0,2.22044604925031e-16,0
15,16,83.2906709730091,83.515802519351,3.11638704392628,0.000105442356179708,0,0,0
15,17,85.6765869012661,87.4999267939973,3.33640068477708,0.0116917957148845,0,1.60071955690455e-12,0
15,18,84.5819291083565,84.4487334763991,3.68620829548468,0.00199026522289492,0,4.83835194131643e-13,0
15,19,83.0246286985654,85.6394503041808,3.16185773018089,0.00143808569418535,0,9.99200722162641e-16,0
15,20,84.6848742066334,84.5854938351325,3.34198658914641,0.000858142585157928,0,2.44249065417534e-15,0
15,21,82.2388821558858,83.5178720423493,3.81385630774201,0.00123336984155453,0,4.65627536527791e-13,0
15,22,86.0121715223649,87.983626702568,4.10434838039878,0.0422575483774458,0,1.45411767071835e-08,0
15,23,81.2311058105236,80.5509960882937,3.41143497723764,1.0490068123592e-05,0,0,0
15,24,75.6272161113992,76.5506600994446,3.60676210512001,1.4263469005904e-07,0,0,0
15,25,73.6785960627029,74.3413779484081,3.34862287863992,3.03939318158086e-10,0,0,0
15,26,76.5481901074589,75.9603915736409,3.29401163700512,3.32626426402527e-09,0,0,0
15,27,78.8764216284636,75.759801008067,3.51574267000364,2.00100939151682e-08,0,0,0
15,28,77.7090514724945,79.3699328357473,3.40214808351393,1.9848632976105e-06,0,0,0
15,29,76.2919972422338,74.8170747970803,3.4418629913944,2.02030814300258e-09,0,0,0
15,30,78.467157673865,78.4684894062227,3.52800999591002,1.27616684586496e-06,0,0,0
15,31,74.3948208370516,74.3261661810562,3.40306127970983,5.51136358772908e-10,0,0,0
15,32,77.1739050011166,78.1125660818669,3.31374669362507,1.56487437341646e-07,0,0,0
15,33,76.582436272823,77.6530855131714,3.35537960033438,1.05753930057517e-07,0,0,0
15,34,89.1104301512541,89.3776632674397,4.35903409753006,0.0960360243508465,0,4.71964482828824e-07,0
15,35,82.4620392323819,81.5400084752687,3.62831246203947,9.67612836063614e-05,0,4.44089209850063e-16,0
15,36,78.5595410878047,79.0067750651871,3.28226547971403,4.98856830954963e-07,0,0,0
15,37,79.4014415971888,77.313868486902,3.55115255493727,2.89056696356482e-07,0,0,0
15,38,80.1422058580521,79.8657870177279,3.7370823405977,2.38272893992031e-05,0,1.11022302462516e-16,0
15,39,71.2798611949881,73.2551766866221,3.23109202594495,7.41018357786061e-12,0,0,0
15,40,69.9264560589659,69.0070839307004,2.8390372262161,0,0,0,0
15,41,70.9637493235838,68.2200606622736,2.67179638432842,0,0,0,0
15,42,70.4836812577108,67.1648615864601,2.68287941264885,0,0,0,0
15,43,71.7119200204689,69.6593359407089,2.79150929915345,0,0,0,0
15,44,75.0304701444285,77.2739988123127,2.90185955920795,4.37959002397292e-10,0,0,0
15,45,80.1032068638199,78.4942245906965,3.99910112394964,1.71132749779979e-05,0,3.33066907387547e-16,0
15,46,82.720421489979,82.8977635088805,4.12097482344674,0.00157733938851345,0,6.96487312268346e-12,0
15,47,85.1005787502734,84.1102611894258,4.17288308890431,0.00433296605627786,0,8.626321879035e-11,0
15,48,87.0576455589773,84.5225809427288,3.53806142281331,0.00144402960444967,0,6.17284001691587e-14,0
15,49,85.2006566919753,84.6089891635179,3.51819958673589,0.00148093493730406,0,5.41788836017076e-14,0
15,50,88.2175550319946,86.1002245070132,3.31299590110985,0.00340892164490691,0,5.01820807130571e-14,0
15,51,94.530197906142,91.0483639446994,3.97895927954463,0.156440575603769,0,3.68339016065811e-07,0
15,52,91.1665087363879,90.7724908838627,4.00767732254479,0.14212980864416,0,3.10143366766269e-07,0
15,53,91.6675751382321,89.9281086647315,3.54507336434063,0.0737085985593486,0,2.13406425864093e-09,0
15,54,88.3493330540251,88.0218162163932,3.48418637888717,0.0216316741625959,0,3.44071438007632e-11,0
15,55,84.7224032494382,83.8764945952635,3.64004552715929,0.00105807656140711,0,7.74935671188359e-14,0
15,56,87.5118310905089,86.985191788325,3.725480605377,0.015060199208682,0,8.91405838032711e-11,0
15,57,84.6953461374866,83.3819696007606,3.59527083982054,0.000578545203575698,0,1.34336985979644e-14,0
15,58,76.5333057737389,78.7287090096932,3.51373641741012,1.66810943813545e-06,0,0,0
15,59,90.1100320332171,86.6257006636975,3.56194687804985,0.00891841977136187,0,6.3172800324196e-12,0
15,60,82.5618490840127,85.0503239626236,3.36628962418951,0.00146654100593591,0,1.13242748511766e-14,0
15,61,81.4643449840391,81.392436030024,3.2708389906001,1.45878735086091e-05,0,0,0
15,62,80.7348217783255,82.3917929243802,3.46179100710873,0.000125829054366311,0,1.11022302462516e-16,0
15,63,81.6627966277557,82.7685835210002,3.3264212855599,0.00010939840628521,0,0,0
15,64,87.9295785873785,90.4575372055454,4.38870756048189,0.146951821453148,0,1.88410723389598e-06,0
15,65,71.9865675311533,71.1492232272363,3.15760998589707,1.80966353013901e-14,0,0,0
15,66,74.3250241391626,73.4939933522421,3.80483161368589,7.17808090744398e-09,0,0,0
15,67,73.675148215969,71.1675303770725,3.22812462695911,6.68354260824344e-14,0,0,0
15,68,83.1887711402613,81.422933958421,4.20757879313156,0.000593467576056717,0,1.5842882561401e-12,0
15,69,72.9782620330705,71.8642186501579,3.49051975150126,1.50086609806976e-11,0,0,0
15,70,73.1572236884121,69.8790166557733,3.33668717273609,2.20934381900406e-14,0,0,0
15,71,76.0577875244196,72.9495051427531,3.66311977307681,7.84829090605399e-10,0,0,0
15,72,70.4281782470099,70.0181657012961,3.24220889926166,5.55111512312578e-15,0,0,0
15,73,79.5554744868422,78.0205185159689,3.92890309963387,7.19084465827802e-06,0,0,0
15,74,74.7469637211521,75.0434699357808,3.3108580001402,7.38279659628915e-10,0,0,0
15,75,72.0403646106058,70.0646869811158,3.0728585032998,2.22044604925031e-16,0,0,0
15,76,78.328671105572,77.128282085115,3.51921003873338,1.73002164371994e-07,0,0,0
15,77,73.6811348324504,73.0832143013929,3.12820601945036,1.05804254246777e-12,0,0,0
15,78,84.3937993542251,79.9668757438339,4.03832444781636,9.25828229931813e-05,0,1.24344978758018e-14,0
15,79,71.4670471219497,71.7284149704445,3.3144896136715,9.5812247025151e-13,0,0,0
15,80,69.3883497804886,65.8541311407733,3.38354174682569,0,0,0,0
15,81,68.2007586717905,67.1080644969433,2.91510499061793,0,0,0,0
15,82,69.862958251355,70.9139565322753,3.25116904461829,5.50670620214078e-14,0,0,0
15,83,65.1329244777559,62.5561326192679,2.50547955399321,0,0,0,0
15,84,67.9925940322652,66.6484428833278,2.59641694622711,0,0,0,0
15,85,72.5032580339268,70.6019451004415,3.69323246771954,1.75447434358489e-11,0,0,0
15,86,76.6963302164475,75.3858022593544,4.32099289627152,2.63088258534161e-06,0,1.11022302462516e-16,0
15,87,71.4631635546617,69.0441333985885,3.57873637455651,1.78856929267113e-13,0,0,0
16,2,74.0287721298324,72.8906734239275,3.74695010699803,1.63261348884447e-09,0,0,0
16,3,63.6530547620499,66.222021422043,3.35976402924569,0,0,0,0
16,4,61.6800808563729,62.8864407319678,3.19635077110315,0,0,0,0
16,5,67.7483346586015,65.5778261184931,3.70732892080756,8.88178419700125e-16,0,0,0
16,6,64.6384418203296,64.0954091604382,3.40194779262885,0,0,0,0
16,7,63.844714947142,62.708146664743,3.21895489023313,0,0,0,0
16,8,62.8277772518157,61.5567760374613,3.29464565864322,0,0,0,0
16,9,66.8577236828555,66.4048935992886,3.41444667645528,0,0,0,0
16,10,71.6610710523664,69.5801915108574,3.53379953357921,2.76889622341514e-13,0,0,0
16,11,66.559322468317,68.0811499246416,3.58206441503919,2.48689957516035e-14,0,0,0
16,12,59.3317464809749,61.8343671741668,3.05949020498392,0,0,0,0
16,13,67.9855065871586,65.9275979219128,3.52292024962857,1.11022302462516e-16,0,0,0
16,14,66.1587056665279,66.1540548374479,3.5641371839814,2.22044604925031e-16,0,0,0
16,15,64.8481049620967,64.994004534063,3.36822870049496,0,0,0,0
16,16,64.3996447530708,63.2395417580205,3.46712841602814,0,0,0,0
16,17,66.6151078110054,66.2295943910226,3.69921165212119,3.21964677141295e-15,0,0,0
16,18,64.6003392722117,65.0377525014964,3.23065882661318,0,0,0,0
16,19,63.5102617708844,64.9397882864258,3.36619515346942,0,0,0,0
16,20,66.3732314318421,64.1534368200725,3.7228294407094,0,0,0,0
16,21,66.79545606689,65.2409230831564,3.81861969502939,2.88657986402541e-15,0,0,0
16,22,70.4381816124665,68.8738439481992,4.40277807287266,1.35279121238341e-09,0,0,0
16,23,83.0997914720154,80.8585452594018,3.75523127321574,7.75307501259537e-05,0,8.88178419700125e-16,0
16,24,76.6409670830155,79.3492552613548,3.89497827912147,2.7348446822395e-05,0,3.33066907387547e-16,0
16,25,63.3761950318388,66.244889003665,3.23715096211854,0,0,0,0
16,26,67.3015784797719,66.9950073293429,3.31510166425238,0,0,0,0
16,27,75.1185359140074,75.9726230325178,4.07949752751003,1.43568184862719e-06,0,0,0
16,28,89.3364988393918,90.0871959551107,4.21402604563579,0.118803774285967,0,4.7114434065243e-07,0
16,29,118.057352114243,119.028612418745,4.89362670515772,0.999999513755709,1,0.954651085583579,1
16,30,113.202568797162,108.196061239186,4.29583696827074,0.998881985972291,1,0.276089625032342,1
16,31,115.938436891547,110.230303386466,4.09741317793508,0.999892817007605,1,0.449542465977146,1
16,32,119.785214712726,118.460273666542,4.58654411132358,0.999999831146564,1,0.95362630032057,1
16,33,128.014484502778,130.793697156911,4.71642478222596,0.999999999999982,1,0.999989300999734,1
16,34,140.781194622495,132.397269337536,4.5981951944421,1,1,0.999998747922745,1
16,35,130.573932408138,126.337649043485,4.49790200180557,0.999999999998212,1,0.999735429903504,1
16,36,126.610079819848,121.627203357088,4.5045534131952,0.999999998149007,1,0.992126544222147,1
16,37,120.142845199732,119.52819255899,4.3945327631951,0.999999987040512,1,0.977116858376098,1
16,38,114.825666871922,113.759567696052,4.40328459364971,0.999989111379936,1,0.752854241323678,1
16,39,115.36529768594,117.200553488016,4.52492233023947,0.999999501323401,1,0.923004813305098,1
16,40,145.742097510488,147.596247622698,5.04234115296307,1,1,0.999999999999864,1
16,41,142.324949624641,135.090713710122,4.58355582149139,1,1,0.999999945325377,1
16,42,131.459117937763,126.7166746339,4.49255834720291,0.999999999999077,1,0.999810321803212,1
16,43,126.603791022474,125.416483573448,4.34975554394154,0.999999999998503,1,0.999626622671731,1
16,44,121.570944100561,119.069973850365,4.56809855335427,0.999999926049928,1,0.965722182402789,1
16,45,113.232531171818,108.938028234781,4.6840481027274,0.998471727409469,1,0.349443556703546,1
16,46,99.2950603009748,98.2509390965866,4.25332036945281,0.773162972982997,1,0.00164826597355194,0
16,47,93.4103993797437,92.7248698542614,3.84226690849674,0.271339930124767,0,1.35766639008938e-06,0
16,48,89.6666824895204,89.0569079792912,3.98320228771981,0.065766581911225,0,2.57394433544889e-08,0
16,49,88.5074732922417,89.6168365788504,4.05081856300368,0.0893635704295933,0,9.09258113246381e-08,0
16,50,92.296012668538,87.6720013570139,3.99663497352404,0.0321904454309611,0,3.86278753428115e-09,0
16,51,92.2625214479676,91.5061864159345,3.96351604924045,0.18469463550504,0,6.0126747569722e-07,0
16,52,90.0701594597943,91.221538815172,4.19044816390351,0.179588218010422,0,1.57939917921901e-06,0
16,53,80.1887803753115,83.396781017226,4.0517696747783,0.00199144149659924,0,7.34590166473481e-12,0
16,54,82.5020046164029,85.0581331572368,4.18489925820061,0.00840301403942889,0,4.14777878710026e-10,0
16,55,76.8963628942131,76.5044357419582,3.87776750519015,8.50167692356685e-07,0,0,0
16,56,76.3302862874288,73.6389386771199,3.45269897247466,2.72994515881919e-10,0,0,0
16,57,75.1838987334606,72.805021009302,3.69090544609857,8.16056444641333e-10,0,0,0
16,58,81.9658243099978,78.8643257171786,3.91681727422719,1.76779289823292e-05,0,2.22044604925031e-16,0
16,59,85.8101429759464,87.9577148256111,4.11266618196076,0.0420048472050739,0,1.49556406148221e-08,0
16,60,72.8945001415795,76.9746460473916,3.77485764491105,8.25475710786172e-07,0,0,0
16,61,71.4654645993422,73.8941458400191,3.52452399616479,9.48335299177927e-10,0,0,0
16,62,89.9637998324173,86.6628301676892,4.2286281466165,0.0234769891414812,0,6.12548700651416e-09,0
16,63,78.3067378530238,81.2856103655639,3.73159787954755,0.000111103456597261,0,1.4432899320127e-15,0
16,64,78.1314107391392,77.9160178592429,3.46799913985411,3.81488780676342e-07,0,0,0
16,65,75.6244258378057,74.7569833747729,3.62303979156212,1.04162645175876e-08,0,0,0
16,66,77.9939014419783,76.1139651518105,3.63519504678878,9.29505825641996e-08,0,0,0
16,67,79.1979857000209,78.175299803819,3.45942175709652,5.25297513154221e-07,0,0,0
16,68,76.5264814473322,75.426252807139,3.29655044395482,1.28429922252593e-09,0,0,0
16,69,84.7464624080444,84.651017129446,3.86707196053391,0.00354372437161821,0,7.44282413478459e-12,0
16,70,83.5144624387044,86.1552585406733,4.0248977570807,0.0134355341346046,0,4.96187535503623e-10,0
16,71,81.8323208975825,82.6057600637574,3.93609305991169,0.000775133865859479,0,4.32986979603811e-13,0
16,72,91.3089459527726,92.5833260932903,4.50678337378695,0.291018730505391,0,2.77764002827308e-05,0
16,73,77.7234155306796,79.6887595123491,3.73473495068845,1.92086107897449e-05,0,0,0
16,74,84.3113943159816,79.1980322711759,3.8374621365179,1.77886315515519e-05,0,1.11022302462516e-16,0
16,75,88.1433821394662,87.130451948023,4.11135722685583,0.026825454720332,0,4.59785054474082e-09,0
16,76,87.8657980363512,88.3261243138959,3.92698920513572,0.0431026575694343,0,5.64294633242923e-09,0
16,77,87.8560095462184,87.4600965700128,3.73804849690422,0.0209674063854527,0,2.32506569552982e-10,0
16,78,86.9914515120231,90.6416460402328,4.27458674062428,0.150440116098203,0,1.27465318866538e-06,0
16,79,87.7538651680874,86.3325549014681,4.18045607887789,0.0183712900609717,0,2.59692600756978e-09,0
16,80,89.4237536597905,87.3261144763469,4.07710133431229,0.0288568187864977,0,4.59029025901003e-09,0
16,81,85.8660074867739,86.0224872963825,4.02559593789913,0.0123525309711066,0,4.06025990606906e-10,0
16,82,75.1915155854262,76.6258975679996,3.65836065508956,2.32807729760864e-07,0,0,0
16,83,79.1877479424754,76.0917303229069,3.84748953435617,4.08935298179536e-07,0,0,0
16,84,86.1384071542888,87.8826118723825,4.26023112389287,0.0459307327599755,0,3.98905393161897e-08,0
16,85,76.5046752650717,79.2360593495917,3.95484237087224,3.13854860821694e-05,0,7.7715611723761e-16,0
16,86,77.789990485054,78.3455902331215,3.65224183765731,2.35226783085185e-06,0,0,0
16,87,73.7409152071565,72.5643643401309,3.20520042214288,1.11177733685963e-12,0,0,0
16,88,70.6719805484072,70.7121303522388,3.29182514737319,6.92779167366098e-14,0,0,0
16,89,69.3420087596718,68.204124593548,3.56401357001155,2.42028619368284e-14,0,0,0
16,90,62.3892392274443,63.000865934476,3.16202797676844,0,0,0,0
16,91,75.9000133765831,74.0896657138379,4.36407224465628,7.69447538240264e-07,0,0,0
16,92,80.0392820115376,80.2674144539393,3.94840675998817,8.93172751834648e-05,0,5.77315972805081e-15,0
16,93,83.7402107492047,81.6940001488551,4.26632723758987,0.00086272798152609,0,4.86222173634587e-12,0
17,2,81.6100930853795,82.1037045929806,3.7666718129931,0.000290043904126347,0,1.4210854715202e-14,0
17,3,65.1072094153694,69.3513693039045,3.05331024484459,0,0,0,0
17,4,67.0629627470182,66.1520008802682,2.97239704791603,0,0,0,0
17,5,62.631892225842,62.856915085707,2.44850937159656,0,0,0,0
17,6,62.7506368316011,62.5185906328928,2.43775016385718,0,0,0,0
17,7,64.3077058112293,67.7664085437523,3.32690572839214,1.11022302462516e-16,0,0,0
17,8,66.650210440089,65.0647420596536,2.63458517929792,0,0,0,0
17,9,66.6100164924378,66.6853591155219,2.80464925929432,0,0,0,0
17,10,65.781574027072,63.7996365280894,2.69238763649963,0,0,0,0
17,11,69.9344881871834,64.8902301633626,2.5810714442362,0,0,0,0
17,12,65.6871102283239,68.3445891821253,2.79447674031447,0,0,0,0
17,13,62.6427702094973,59.1573261541711,2.47392076399758,0,0,0,0
17,14,62.3636802579927,58.8641797003415,2.90594334725943,0,0,0,0
17,15,64.2033110454204,59.255250195837,3.49569591058604,0,0,0,0
17,16,61.7016895371003,63.412987798275,3.33810995964987,0,0,0,0
17,17,65.7145099374826,63.6161427216351,2.73638695506188,0,0,0,0
17,18,67.0805871669674,62.3225173156262,2.52521885009602,0,0,0,0
17,19,70.4645514642692,68.7231381958731,2.67094657616813,0,0,0,0
17,20,74.2285175207261,72.322312946108,4.20211658229737,3.117304869793e-08,0,0,0
17,21,72.7795616852626,70.3318643880926,3.46179856060154,4.52304860232289e-13,0,0,0
17,22,83.8089126113247,81.5501147151756,4.58551191041222,0.00160403654973762,0,9.58535473216671e-11,0
17,23,86.2079260769842,87.3095992705546,3.62567346433788,0.0162290652080634,0,5.06171771164077e-11,0
17,24,70.1994977969501,75.4303708635571,3.55390294386207,1.65212127312131e-08,0,0,0
17,25,65.3514679912755,70.5788241985946,3.3869335969411,2.42805775485522e-13,0,0,0
17,26,62.6540545169357,61.9113585319251,2.85306937721192,0,0,0,0
17,27,68.297111302853,69.2442960601557,3.68164276940843,1.16573417585641e-12,0,0,0
17,28,66.2233073819765,67.7749167176704,3.24792960862548,0,0,0,0
17,29,84.4044295672761,84.3333608800054,4.25535312425951,0.00584014709200487,0,2.68583266738176e-10,0
17,30,73.3275507267252,75.3454181026415,4.02844006708032,4.91977235062002e-07,0,0,0
17,31,85.6162846593002,84.1540419033774,3.93205825675585,0.0027635278050705,0,6.71818156661175e-12,0
17,32,69.3704049629574,70.9930543824215,3.64607177378174,2.03015382282956e-11,0,0,0
17,33,74.5648494118301,71.3770868587302,3.50943436686128,7.41928740666253e-12,0,0,0
17,34,74.2619581562871,73.8867174324933,3.77046415636741,9.73753133681754e-09,0,0,0
17,35,72.6387944347472,73.8931229903024,3.44880398975319,4.16291112692591e-10,0,0,0
17,36,79.680793512908,78.4150609851525,4.09543688110352,2.3993671959377e-05,0,1.4432899320127e-15,0
17,37,82.9584108430368,85.3189408717395,3.68595982421475,0.00409896180456926,0,2.61080046470852e-12,0
17,38,65.1640139838591,69.998366034385,3.88661233127985,5.62206947662958e-11,0,0,0
17,39,58.834494460317,61.9370802587942,3.29754242993722,0,0,0,0
17,40,58.4978405595738,60.0414529041909,3.57811766168881,0,0,0,0
17,41,62.9924264254246,61.0552918738891,3.25834234840692,0,0,0,0
17,42,74.358643181733,74.1425302630784,4.17734393971456,2.7456871098952e-07,0,0,0
17,43,72.0481506895745,73.0274533285844,3.92465329319939,9.83495085371544e-09,0,0,0
17,44,62.220940377158,61.0047109047586,2.8164754626349,0,0,0,0
17,45,59.7767835804561,60.6491326396301,2.72084568050919,0,0,0,0
17,46,72.0866230423893,74.2564493734318,3.39995135748242,4.68085903371218e-10,0,0,0
17,47,65.7459854794345,66.4424232700708,2.48226318311192,0,0,0,0
17,48,60.7959641301577,61.6836130915395,2.00702307512338,0,0,0,0
17,49,64.7188440204178,63.4969251396417,3.01566559838918,0,0,0,0
17,50,66.6832909611981,68.5834676894816,3.35925304908083,1.55431223447522e-15,0,0,0
17,51,74.7519902047799,75.0735722274685,3.56490036412036,1.02608650465186e-08,0,0,0
17,52,83.5193320750548,84.1072132036426,3.89414602039218,0.00244925867135759,0,3.9119818495692e-12,0
17,53,80.8905318547311,81.848932934208,3.75644592495216,0.000217449841385831,0,7.105427357601e-15,0
17,54,92.728918515043,92.1043196690266,3.95748695116671,0.227276596682224,0,1.22964200843789e-06,0
17,55,110.820731615095,109.901051521127,4.60681444261677,0.99936059809762,1,0.426902746930442,1
17,56,110.91024042971,106.978773114568,3.60839124705545,0.999519988633886,1,0.147986851529267,1
17,57,86.6422336214413,92.3509373627662,3.78638056303347,0.236838848233601,0,5.89141001539062e-07,0
17,58,104.016225639352,102.020962842285,4.33650336525191,0.945676053919559,1,0.0220623791915863,0
17,59,124.461275428491,117.99859140862,4.25377856505802,0.999999965083888,1,0.955814421290772,1
17,60,106.803319165003,106.685647816872,3.61195417461375,0.999353606902854,1,0.130245814271658,0
17,61,108.523834658821,109.422211551284,4.16929611403218,0.999713220448504,1,0.375071559681505,0
17,62,106.010224200951,103.597742271066,3.79208303234796,0.987789296920938,1,0.0296418673274338,0
17,63,99.5373041394899,94.7263740169729,3.76262864110148,0.464259880290454,1,1.02852871509684e-05,0
17,64,106.645456963782,102.705818058773,3.89699839585331,0.975058912102403,1,0.019500297073102,0
17,65,92.491728781505,93.1294940044176,3.81015189995551,0.305831744819726,0,1.87660004824508e-06,0
17,66,126.919161711931,122.701483753121,4.32605572832555,0.999999999916311,1,0.997133653368517,1
17,67,120.105026660856,119.289456418586,4.28019637221726,0.999999992427593,1,0.976985414064661,1
17,68,119.07637225928,116.120369335529,4.0766135953319,0.999999879898821,1,0.906144091667711,1
17,69,132.570254491436,125.580419812843,3.9275839844682,0.999999999999996,1,0.999920311299389,1
17,70,123.739842983776,122.288498593042,3.93204747198342,0.999999999997801,1,0.998329543016304,1
17,71,115.158037336035,113.24122497894,4.20321014080587,0.999992360486834,1,0.723313464237319,1
17,72,92.0425103522371,103.240400046367,4.97521830062046,0.949854403957051,0,0.0656000398454779,0
17,73,64.3800588382426,70.3593981401053,3.23303937583132,1.0769163338864e-14,0,0,0
17,74,70.5177979389317,70.4460306232027,3.46862623684523,6.36046770807752e-13,0,0,0
17,75,72.6609743052035,77.3307994946122,4.05340369789856,6.07527222606929e-06,0,1.11022302462516e-16,0
17,76,85.6099193833635,83.539291850238,3.69498341440401,0.000907359467628766,0,8.91509088774001e-14,0
17,77,75.776289827236,76.5182184844205,3.50196704681479,5.9250649830922e-08,0,0,0
17,78,78.0377160180347,79.2259736058826,3.91642260656856,2.62756667874786e-05,0,4.44089209850063e-16,0
17,79,59.8768362972945,62.2935619848587,2.99723811043463,0,0,0,0
17,80,87.2966774924598,85.1796960196187,4.51135940766847,0.0142272994550636,0,7.22514204021252e-09,0
17,81,85.4371005331382,84.411644213502,3.79301507187301,0.00248949501732076,0,1.90725213400356e-12,0
17,82,68.9053419609077,73.9255245276219,3.26631293240902,4.84740025896713e-11,0,0,0
17,83,67.1041761134069,63.4737700389402,3.05410626719857,0,0,0,0
17,84,64.0793630906664,66.0100393703725,2.83173551618313,0,0,0,0
17,85,65.7147023550485,62.1261073028606,2.9637224814939,0,0,0,0
17,86,61.5037182891563,61.4044755592194,3.08523034777843,0,0,0,0
17,87,63.646080975496,62.3277408125507,2.82823718498823,0,0,0,0
17,88,77.8235727477964,75.4593334636328,3.74864218977566,8.48556805932432e-08,0,0,0
17,89,59.8999622888582,58.9514338122455,3.12702547060603,0,0,0,0
17,90,60.216971095555,57.7276066688276,2.9895853504148,0,0,0,0
17,91,60.1327805174695,60.1738267427374,2.97560745975603,0,0,0,0
17,92,58.5068777842315,57.3490442729525,3.39210465013839,0,0,0,0
17,93,58.3433973026015,57.6002628616037,3.18059368056373,0,0,0,0
17,94,59.3106225108212,57.7056247397995,2.95245419997525,0,0,0,0
17,95,67.3883251108489,64.0853212501899,3.9196444611881,1.33226762955019e-15,0,0,0
17,96,63.9228846563227,62.1162181900505,3.15920133853267,0,0,0,0
17,97,61.2726911631871,62.3030386118678,3.36807662035013,0,0,0,0
17,98,64.4808265477247,62.6209812200689,4.03139029920508,4.44089209850063e-16,0,0,0
